V1,,V2,V3,V4,V5,V6,V7,V8,V9,V10,V11,V12,V13,V14,V15,V16,V17,V18,V19,,,,,,
English,Hebrew,Danish,German,Greek,Spanish,Finnish,French,Hungarian,Italian,Japanese,Korean,Dutch,Polish,Portuguese,Romanian,Russian,Turkish,Vietnamese,Chinese,Czech,Ukrainian ,Esperanto,Catalan,Farsi,Swedish
Around_the_World_in_Eighty_Days,סביב_הארץ_בשמנים_יום,,,,,,,,,,,,,,,,,,,,,,,,
Anna_Karenina,אנה_קרנינה,,,,,,,,,,,,,,,Анна_Каренина,,,,,,,,,
Through_the_Looking_Glass,,,,,,,De_l’autre_côté_du_miroir,,,,,,,,,,,,,,,,,,
The_Adventures_of_Sherlock_Holmes,,,,,Las_aventuras_de_Sherlock_Holmes,,Les_Aventures_de_Sherlock_Holmes,,,,,,,,,,,,,,,,,,
The_Memoirs_of_Sherlock_Holmes,,,,,,,Les_Mémoires_de_Sherlock_Holmes,,,,,,,,,,,,,,,,,,
The_Return_of_Sherlock_Holmes,,,,,,,Le_Retour_de_Sherlock_Holmes,,,,,,,,,,,,,,,,,,
Don_Quixote,,,,,El_Ingenioso_Hidalgo_Don_Quijote_de_la_Mancha,,L’Ingénieux_Hidalgo_Don_Quichotte_de_la_Manche,,,,,,,,,,,,,,,,,,
A_Tale_of_Two_Cities,,,,,Historia_de_dos_ciudades,,,,Le_due_città,,,,,,,,,,,,,,,,
The_Fall_of_the_House_of_Usher,,,,,El_hundimiento_de_la_casa_Usher,,,,,,,,,,,,,,,,,,,,
A_Christmas_Carol,,,Der_Weihnachtsabend,,Cuento_de_Navidad,Joulun_Aatto,Contes_de_Noël,,Cantico_di_Natale,,,,,,,,,,,,,,,,
Candide,,,Candide,,Candide,,Candide,,,,,,,,,,,,,,,,,,
My_Life,,,,,Mi_vida,,,,,,,,,,,,,,,,,,,,
The_Cask_of_Amontillado,,,,,El_Barril_del_Amontillado,,,,,,,,,,,,,,,,,,,,
Aladdin_and_the_Wonderful_Lamp,,,,Τον_Αλαντίν_και_τον_θαυμάσιο_λαμπτήρα,Aladdin_y_la_maravillosa_lámpara,,,,Aladdin_e_la_meravigliosa_lampada,,,,,Aladdin_e_a_maravilhosa_lâmpada,,,,,,,,,,سه_خرس,
Jack_and_the_Beanstalk,,,,Τζακ_και_το_φασολιών,Jack_y_las_habichuelas_magicas,,Jacques_et_le_haricot_magique,,,,,,,Jack_e_o_feijoado,Jack_si_vrejul_de_fasole,,,,杰克与魔豆,,,,,جک_و_لوبیای_سحرآمیز,
Jack_the_Giant_Killer,,,,,Jack_el_Mata_Gigantes,,Jack_le_tueur_de_géants,,,,,,,Jack_o_matador_de_gigantes,,,,,,,,,,,
Puss_in_Boots,,,,Παπουτσωμένος_Γάτος,El_gato_con_botas,,chat_Botté,,,,,,,,motanul_încălțat,,,,,,,,,,
Robin_Hood,,,,,Robin_Hood,,Robin_des_Bois,,Robin_Hood,,,,,,,,,,罗宾汉,,,,,رابین_هود,
Robinson_Crusoe,,,,Ροβινσώνας_Κρούσος,Robinson_Crusoe,,Robinson_Crusoë,,,,,,,,,,,,,,,,,,Robinson_Crusoe
The_Little_Old_Woman_Who_Lived_in_a_Shoe,,,,,La_viejita_que_vivió_en_un_zapato,,La_petite_vieille_qui_a_vécu_dans_une_chaussure,,,,,,,,,,,,,,,,,,
The_Little_Red_Hen,,,Die_kleine_rote_Henne,,La_pequeña_gallina_roja,,La_petite_poule_rouge,,La_piccola_gallina_rossa,,작은_빨간_암탉,,,A_pequena_galinha_vermelha,Micuța_găină_roșie,Маленькая_красная_курица,,,,,,,,,
The_Tale_of_Benjamin_Bunny,,,,,El_cuento_de_Benjamin_Bunny,,Le_conte_de_Benjamin_Bunny,,,,,,,O_Conto_de_Benjamin_Coelho,,,,,,,,,,,
The_Tale_of_Peter_Rabbit,עלילות_פסו_האונבון,,Die_Geschichte_von_Peter_Rabbit,Η_ιστορία_του_Πέτρου_Κουνέλι,El_cuento_de_Peter_Rabbit,Peter_Rabbitin_tarina,,,La_storia_di_Peter_Rabbit,ピーター・ラビットの物語,피터_래빗의_이야기,,,O_Conto_de_Peter_Coelho,,,Peter_Rabbit_Masalı,,,,,,,,
The_Three_Bears,,,Die_drei_Bären,Οι_Τρεις_Αρκούδες,Los_tres_osos,Kolme_karhua,Les_trois_ours,,I_tre_orsi,,,,,,,,,,三只熊,,,,,,
Pinocchio,,,,,Pinocho,,,,Pinocchio,,,,,,,,,,,,,,,,
Alice’s_Adventures_in_Wonderland,,,Alice’s_Abenteuer_im_Wunderland,,Las_aventuras_de_Alicia_en_el_País_de_las_Maravillas,,AVENTURES_D’ALICE_AU_PAYS_DES_MERVEILLES,,Alice_nel_Paese_delle_meraviglie,不思議の国のアリス,,De_avonturen_van_Alice,ALICJA_W_KRAINIE_CZARÓW,Alice_no_País_das_Maravilhas,,Приключения_Алисы_в_стране_чудес,,,愛麗絲漫游奇境記,ALENKA_V_ŘÍŠI_DIVŮ,Аліса_в_Країні_Чудес,La_Aventuroj_de_Alicio_en_Mirlando,,,
The_Adventures_of_Tom_Sawyer,,,,,Las_aventuras_de_Tom_Sawyer,,LES_AVENTURES_DE_TOM_SAWYER,,,,,De_lotgevallen_van_Tom_Sawyer,,,,Приключения_Тома_Сойера,,,汤姆.索亚历险记,,,,LES_AVENTURES_DE_TOM_SAWYER,,
The_Hound_of_the_Baskervilles,,, Der_Hund_der_Baskervilles,,El_Sabueso_de_los_Baskerville,BASKERVILLEN_KOIRA,Le_Chien_des_Baskerville,,Il_mastino_dei_Baskerville,,,,,,,Собака_Баскервилей,,,巴斯克维尔的猎犬,,СОБАКА_БАСКЕРВІЛІВ,,,,
The_Metamorphosis,,,Die_Verwandlung,,La_metamorfosis,,La_Métamorphose,,LA_METAMORFOSI,変身,,,,A_Metamorfose,,Превращение,,,變形記,,Перевтілення,,,,
Twenty_Thousand_Leagues_Under_the_Sea,,,Zwanzigtausend_Meilen_unter’m_Meer,,Veinte_mil_leguas_de_viaje_submarino,,Vingt_mille_lieues_sous_les_mers,,,,,,,,,,,,海底二万里,,,,,,
The_frog_king_or_Iron_Henry,,Frøkongen_eller_Jernhenrik_,Der_Froschkönig_oder_der_eiserne_Heinrich_,Ο_πρίγκιπας_βάτραχος_ή_ο_καρδιοσιδεροσφιγμένος_Χάινριχ_,El_Rey_Rana_o_Enrique_el_Férreo_,Sammakkokuningas_ja_Rauta-Heikki_,Le_Roi-grenouille_ou_Henri-le-Ferré_,Békakirály_és_Vashenrik_,Il_principe_ranocchio_o_Enrico_di_Ferro_,かえるの王さま、あるいは鉄のハインリヒ_,개구리_왕*comma*_혹은_철의_하인리히_,De_Kikkerkoning_of_IJzeren_Hendrik_,Żabi_Król_lub_Żelazo_Henryk_,O_Rei_Sapo_ou_Henrique_de_Ferro_,Printul_fermecat_,Король-лягушонок_или_Железный_Генрих_,Kurbağa_Kral_ile_Aslan_Yürekli_Heinrich_,Vua_Ếch_,青蛙王子_,,,,,,
Cat_and_mouse_in_partnership,,Kat_og_mus_i_bofælleskab_,Katze_und_Maus_in_Gesellschaft_,Η_γάτα_και_το_ποντίκι_,El_gato_y_el_ratón_hacen_vida_en_común_,Kissa_ja_hiiri_samassa_seurassa_,Chat_et_souris_associés_,Macska-egér_barátság_,Gatto_e_topo_in_società_,猫とねずみとお友だち_,고양이와_쥐의_공동_생활_,Kat_en_muis_samen_thuis_,Spółka_kota_z_myszą_,Gato_e_rato_em_companhia_,Prietesugul_dintre_soarece_si_pisica_,Дружба_кошки_и_мышки_,Kedi-Fare_Oyunu_,Mèo*comma*_chuột_kết_nghĩa_,猫和老鼠合伙_,,,,,,
Our_Lady's_Child,,Mariebarnet_,Marienkind_,Το_παιδί_της_Παναγίας_,La_hija_de_la_Virgen_María_,Marian_lapsi_,L'enfant_de_Marie_,Mária_gyermeke_,La_figlia_della_Madonna_,聖母マリアの子供_,성모_마리아의_아이_,Het_kind_van_Maria_,Dziecko_Matki_Boskiej_,A_protegida_de_Maria_,Copilul_Mariei_,Дитя_Марии_,Meryem_Ana_,Con_đức_bà_Maria_,圣母的孩子_,,,,,,
The_story_of_the_youth_who_went_forth_to_learn_what_fear_was,,Eventyret_om_en*comma*_der_drog_ud*comma*_for_at_lære_frygt_at_kende_,Von_einem*comma*_der_auszog*comma*_das_Fürchten_zu_lernen_,Παραμύθι_για_ένα_παλικάρι_που_ξεκίνησε_να_μάθει_τι_θα_πει_φόβος_,Historia_de_uno_que_hizo_un_viaje_para_saber_lo_que_era_miedo_,Satu_pojasta_joka_tahtoi_oppia_pelkäämään_,Conte_de_celui_qui_partit_pour_apprendre_la_peur_,Mese_a_fiúról*comma*_aki_világgá_ment*comma*_hogy_megtanuljon_félni_,Storia_di_uno_che_se_ne_andò_in_cerca_della_paura_,こわがることをおぼえるために旅にでた若者_,소름을_배우러_떠난_사나이_,Van_iemand_die_erop_uittrok_om_het_griezelen_te_leren_,Bajka_o_tym*comma*_co_wyruszył*comma*_by_nauczyć_się_bać_,A_história_do_jovem_em_busca_de_saber_o_que_é_o_medo_,Povestea_unuia_care_nu_stia_ce-i_aia_groaza_,Сказка_о_том*comma*_кто_ходил_страху_учиться_,Korkmayı_Öğrenenin_Masalı_,Chu_du_thiên_hạ_để_học_rùng_mình_,傻小子学害怕_,,,,,,
The_wolf_and_the_seven_young_kids,,Ulven_og_de_syv_gedekid_,Der_Wolf_und_die_sieben_jungen_Geißlein_,Ο_κακός_λύκος_και_τα_εφτά_κατσικάκια_,El_lobo_y_la_siete_cabritillas_,Susi_ja_seitsemän_pientä_kiliä_,Le_loup_et_les_sept_chevreaux_,A_farkas_és_a_hét_kecskegida_,Il_lupo_e_i_sette_caprettini_,狼と七匹の子ヤギ_,늑대와_일곱_마리_새끼_염소_,De_wolf_en_de_zeven_geitjes_,O_wilku_i_siedmiu_koźlątkach_,O_lobo_e_as_sete_crianças_,Lupul_şi_cei_şapte_iezi_,Волк_и_семеро_козлят_,Kurt_ve_yedi_küçük_oğlak_,Chó_sói_và_bảy_chú_dê_con_,狼和七只小山羊_,,,,,,
Trusty_John,,Den_tro_Johannes_,Der_treue_Johannes_,Ο_πιστός_Ιωάννης_,El_fiel_Juan_,Uskollinen_Johannes_,Le_fidèle_Jean_,A_hűséges_János_,Il_fedele_Giovanni_,忠実なジョン_,충신_요하네스_,De_trouwe_Johannes_,Wierny_Jan_,O_fiel_João_,Johann_cel_credincios_,Верный_Иоганнес_,Sadık_Uşak_,Johannes_trung_thành_,忠实的约翰_,,,,,,
The_good_bargain,,Den_gode_handel_,Der_gute_Handel_,,Un_buen_negocio_,Hyvä_kauppa_,,A_jó_vásár_,Il_buon_affare_,うまい商売_,괜찮은_거래_,De_goede_ruil_,Dobry_interes_,O_bom_negócio_,,Удачная_торговля_,İyi_Pazarlık_,Hên_xui_,,,,,,,
The_wonderful_musician,,Den_underlige_spillemand_,Der_wunderliche_Spielmann_,,El_músico_prodigioso_,Omituinen_pelimanni_,Le_violon_merveilleux_,A_furcsa_hegedűs_,Lo_strano_violinista_,奇妙な音楽家_,떠돌이_악사_,De_wonderlijke_speelman_,O_dziwnym_grajku_,O_músico_maravilhoso_,,Необыкновенный_музыкант_,Harika_Kemancı_,Người_nhạc_sĩ_lang_thang_,令人叫绝的乐师_,,,,,,
The_twelve_brothers,,De_tolv_brødre_,Die_zwölf_Brüder_,,Los_doce_hermanos_,Kaksitoista_veljestä_,Les_douze_frères_,Tizenkét_fivér_,I_dodici_fratelli_,12人兄弟_,,De_twaalf_broers_,Dwunastu_Braci_,Os_doze_irmãos_,Cei_doisprezece_frati_,Двенадцать_братьев_,On_İki_Erkek_Kardeş_,Mười_hai_hoàng_tử_,十二兄弟_,,,,,,
The_pack_of_ragamuffins,,Pak_,Das_Lumpengesindel_,,La_chusma_,Roskaväkeä_,Les_vagabonds_,Bitang_csőcselék_,Gentaglia_,ならずもの_,,Het_gespuis_,Spółka_hultajska_,Gentalha_,,Всякий_сброд_,Serseriler_Güruhu_,Chơi_khăm_kiểu_gà_vịt_,一群二流子_,,,,,,
The_brother_and_sister,,Brorlil_og_søsterlil_,Brüderchen_und_Schwesterchen_,,Los_dos_hermanitos_,Pikku_veli_ja_pikku_sisar_,Frérot_et_sœurette_,Bátyácska_és_húgocska_,Fratellino_e_sorellina_,兄と妹_,,Broertje_en_zusje_,Braciszek_i_siostrzyczka_,Irmãozinho_e_irmãzinha_,Fratior_si_surioara_,Братец_и_сестрица_,İki_Kardeş_,Anh_và_em_gái_,小弟弟和小姐姐_,,,,,,
Rapunzel,,Rapunzel_,Rapunzel_,,Rapunzel_,Tähkäpää_,Raiponce_,Raponc_,Raperonzolo_,ラプンツェル_,라푼첼_,Raponsje_,Roszpunka_,Rapunzel_,Rapunzel_,Колокольчик_,Rapunzel_,Rapunzen_,莴苣姑娘_,,,,,,
The_three_little_men_in_the_wood,,De_tre_små_mænd_i_skoven_,Die_drei_Männlein_im_Walde_,,Los_tres_enanitos_del_bosque_,Kolme_metsän_menninkäistä_,Les_trois_petits_hommes_de_la_forêt_,A_három_erdei_emberke_,I_tre_omini_del_bosco_,森の中の三人の小人_,,De_drie_mannetjes_in_het_bos_,O_trzech_krasnoludkach_w_lesie_,Os_três_homenzinhos_na_floresta_,,Три_человечка_в_лесу_,Ormandaki_Cüceler_,Ba_người_lùn_trong_rừng_,森林中的三个小矮人_,,,,,,
The_three_spinners,,De_tre_spindersker_,Die_drei_Spinnerinnen_,,Las_tres_hilanderas_,Kolme_kehrääjää_,Les_trois_fileuses_,A_három_fonóasszony_,Le_tre_filatrici_,糸くり三人女_,,De_drie_spinsters_,O_trzech_prządkach_,As_três_fiandeiras_,Cele_trei_torcatoare_,Три_пряхи_,İp_Eğiren_Kadınlar_,Ba_bà_kéo_sợi_,三个纺纱女_,,,,,,
Hansel_and_Gretel,,Hans_og_Grete_,Hänsel_und_Gretel_,,Hansel_y_Gretel_,Hannu_ja_Kerttu_,Hansel_et_Gretel_,Jánoska_és_Margitka_,Hänsel_e_Gretel_,ヘンゼルとグレーテル_,,Hans_en_Grietje_,Jaś_i_Małgosia_,Joãozinho_e_Margarida_,Hansel_şi_Gretel_,Гензель_и_Гретель_,Hansel_ile_Gretel_,Hãnsel_và_Gretel_,汉赛尔与格莱特_,,,,,,
The_three_snake-leaves,,De_tre_slangeblade_,Die_drei_Schlangenblätter_,,Las_tres_hojas_de_la_serpiente_,Kolme_käärmeenlehteä_,Les_trois_feuilles_du_serpent_,A_kígyó_három_levele_,Le_tre_foglie_della_serpe_,三枚の蛇の葉_,,De_drie_slangenbladeren_,Kot_w_butach_,As_três_folhas_da_serpente_,,Три_змеиных_листика_,Üç_Yaprak_,Ba_chiếc_lá_rắn_,三片蛇叶_,,,,,,
The_white_snake,,Den_hvide_slange_,Die_weiße_Schlange_,,La_serpiente_blanca_,Valkoinen_käärme_,Le_serpent_blanc_,A_fehér_kígyó_,La_serpe_bianca_,白蛇_,,De_witte_slang_,Biały_wąż_,A_serpente_branca_,Sarpele_Alb_,Белая_змея_,Beyaz_Yılan_,Con_rắn_trắng_,白蛇_,,,,,,
Straw*comma*_coal*comma*_and_bean,,Halmstrået*comma*_gnisten_og_bønnen_,Strohhalm*comma*_Kohle_und_Bohne_,,La_paja*comma*_la_brasa_y_la_alubia_,Oljenkorsi*comma*_hiili_ja_papu_,Bout_de_paille*comma*_braise_et_haricot_,Szalmaszál*comma*_parázs_és_babszem_,La_pagliuzza*comma*_il_carbone_e_il_fagiolo_,わらと炭とそら豆_,,Strohalm*comma*_kooltje_vuur_en_boontje_,Słomka*comma*_węgielek_i_groch_,A_palhinha*comma*_a_brasa_e_o_feijão_,Firul_de_pai*comma*_taciunele_si_bobul_de_mazare_,Соломинка*comma*_уголёк_и_боб_,Saman_Çöpü*comma*_Kor_Ateşi_ve_Fasulye_,Sự_tích_hạt_đậu_,麦草、煤块和豆子_,,,,,,
The_fisherman_and_his_wife,,Fiskeren_og_hans_kone_,Von_dem_Fischer_und_seiner_Frau_,,El_pescador_y_su_mujer_,Kalastaja_ja_hänen_vaimonsa_,Du_pêcheur_et_sa_femme_,A_halászrúl_és_az_ű_feleségirűl_,Il_pescatore_e_sua_moglie_,漁師とおかみ_,,Van_de_visser_en_zijn_vrouw_,O_rybaku_i_jego_żonie_,O_pescador_e_sua_mulher_,Pescarul_si_sotia_sa_,О_рыбаке_и_его_жене_,Balıkçı_ve_Karısı_,Hai_vợ_chồng_người_đánh_cá_,渔夫和他的妻子_,,,,,,
The_valiant_little_tailor,,Den_tapre_lille_skrædder_,Das_tapfere_Schneiderlein_,,El_sastrecillo_valiente_,Urhea_pikku_räätäli_,Le_vaillant_petit_tailleur_,A_bátor_szabócska_,Il_prode_piccolo_sarto_,勇ましいちびの仕立て屋_,,Het_dappere_snijdertje_,O_dzielnym_krawczyku_,O_pequeno_alfaiate_valente_,Croitoraşul_cel_viteaz_,Храбрый_портняжка_,Cesur_Terzi_,Chú_thợ_may_nhỏ_thó_can_đảm_,勇敢的小裁缝_,,,,,,
Cinderella,,Askepot_,Aschenputtel_,,La_Cenicienta_,Tuhkimo_,Cendrillon_,Hamupipőke_,Cenerentola_,シンデレラ_,,Assepoester_,Kopciuszek_,Cinderela_,Cenuşăreasa_,Замарашка_,Külkedisi_,Cô_lọ_lem_,,,,,,,
The_riddle,,Gåden_,Das_Rätsel_,,El_acertijo_,Arvoitus_,,A_rejtvény_,L'indovinello_,なぞなぞ_,,Het_raadsel_,Zagadka_,O_enigma_,Ghicitoarea_,Загадка_,Bilmece_,Kén_phò_mã_,谜语_,,,,,,
The_mouse*comma*_the_bird*comma*_and_the_sausage,,Eventyret_om_musen*comma*_fuglen_og_medisterpølsen_,Von_dem_Mäuschen*comma*_Vögelchen_und_der_Bratwurst_,,El_ratoncillo*comma*_el_pajarito_y_la_salchicha_,Hiiri*comma*_lintu_ja_makkara_,Du_souriceau*comma*_de_l'oiselet_et_de_la_saucisse_,Az_egérkéről*comma*_a_madárról_és_a_kolbászról_,Il_topino*comma*_l'uccellino_e_la_salsiccia_,はつかねずみと小鳥と腸づめの話_,,Van_het_muisje*comma*_het_vogeltje_en_de_braadworst_,O_myszce*comma*_ptaszku_i_kiełbasce_,O_ratinho*comma*_o_passarinho_e_a_linguiça_,,О_мышке*comma*_птичке_и_жареной_колбасе_,Fare*comma*_Kuş_ve_Sucuk_,Chuột_nhắt*comma*_chim_sẻ_và_dồi_nướng_,老鼠、小鸟和香肠_,,,,,,
Mother_Hulda,,Mor_Hulda_,Frau_Holle_,,Madre_Nieve_,Holle_Rouva_,Dame_Hiver_,Holle_asszony_,Madama_Holle_,ホレのおばさん_,,Vrouw_Holle_,Pani_Zima_,A_Senhora_Holle_,Fantana_fermecata_,Госпожа_Метелица_,Bayan_Holle_,Bà_chúa_tuyết_,霍勒大妈_,,,,,,
The_seven_ravens,,De_syv_ravne_,Die_sieben_Raben_,,Los_siete_cuervos_,Seitsemän_korppia_,Les_sept_corbeaux_,A_hét_holló_,I_sette_corvi_,七羽のカラス_,,De_zeven_raven_,Siedem_Kruków_,Os_sete_corvos_,Cei_sapte_corbi_,Семь_воронов_,Yedi_Karga_,Bảy_con_quạ_,七只乌鸦_,,,,,,
Little_Red_Riding_Hood,,Den_lille_Rødhætte_,Rotkäppchen_,,Caperucita_Roja_,Punahilkka_,Le_petit_Chaperon_Rouge_,Pirosbúbocska_,Cappuccetto_Rosso_,赤ずきん_,빨간_모자_,Roodkapje_,Czerwony_Kapturek_,Chapeuzinho_Vermelho_,Scufiţa_Roşie_,Красная_Шапочка_,Kırmızı_Başlıklı_Kız_,Cô_bé_choàng_khăn_đỏ_,小红帽_,,,,,,
The_Bremen_town_musicians,,De_bremer_stadsmusikanter_,Die_Bremer_Stadtmusikanten_,,Los_músicos_de_Brema_,Bremenin_soittoniekat_,Les_musiciens_de_Brême_,A_brémai_városi_zenészek_,I_musicanti_di_Brema_,ブレーメンの音楽隊_,브레멘_음악대_,De_Bremer_stadsmuzikanten_,Muzykanci_z_Bremy_,Os_músicos_da_cidade_de_Bremen_,Muzicanţii_din_Bremen_,Бременские_музыканты_,Bremen_Mızıkacıları_,Những_nhạc_sĩ_thành_Bremen_,当音乐家去_,,,,,,
The_singing_bone,,Det_syngende_ben_,Der_singende_Knochen_,,El_hueso_cantor_,Laulava_luu_,L'os_chanteur_,Az_éneklő_csont_,L'osso_che_canta_,歌う骨_,,Het_zingende_botje_,Śpiewająca_kość_,O_osso_cantador_,,Поющая_косточка_,Şarkı_Söyleyen_Kemik_,Chiếc_tù_và_biết_hát_,会唱歌的白骨_,,,,,,
The_devil_with_the_three_golden_hairs,,Djævelens_tre_guldhår_,Der_Teufel_mit_den_drei_goldenen_Haaren_,,Los_tres_pelos_de_oro_del_diablo_,Paholaisen_kolme_kultaista_hiusta_,Les_trois_cheveux_d'or_du_diable_,Az_ördög_s_az_ő_három_arany_hajaszála_,I_tre_capelli_d'oro_del_diavolo_,金の毛が3本生えた鬼_,,De_duivel_met_de_drie_gouden_haren_,Diabeł_i_jego_trzy_złote_włosy_,Os_três_cabelos_de_ouro_do_Diabo_,Cele_trei_fire_de_aur_ale_lui_Scaraotchi_,Чёрт_с_тремя_золотыми_волосками_,Altın_Saçlı_Şeytan_,Ba_sợi_tóc_vàng_của_con_quỷ_,魔鬼的三根金发_,,,,,,
The_louse_and_the_flea,,Lusen_og_loppen_,Läuschen_und_Flöhchen_,,El_piojito_y_la_pulguita_,Täi_ja_kirppu_,Le_petit_Pou_et_la_petite_Puce_,Tetvecske_és_bolhácska_,Pidocchietto_e_Pulcettina_,しらみとのみ_,,Luisje_en_Vlootje_,Weszka_i_pchełka_,O_piolho_e_a_pulga_,,Вошка_и_блошка_,Bit_ile_Pire_,Rận_và_bọ_chó_,虱子和跳蚤_,,,,,,
The_girl_without_hands,,Pigen_uden_hænder_,Das_Mädchen_ohne_Hände_,,La_doncella_sin_manos_,Kädetön_tyttö_,La_jeune_fille_sans_mains_,A_levágott_kezű_leány_,La_fanciulla_senza_mani_,手なしむすめ_,,Het_meisje_zonder_handen_,Dziewczyna_bez_rąk_,A_moça_sem_mãos_,,Девушка_без_рук_,Elsiz_Kız_,Bác_thợ_xay_bột_và_con_quỷ_,没有手的姑娘_,,,,,,
Clever_Hans,,Den_kloge_Hans_,Der_gescheite_Hans_,,Juan_el_listo_,Taitava_Hannu_,,Okos_Jancsi_,Gianni_testa_fina_,ものわかりのいいハンス_,,Slimme_Hans_,Roztropny_Jaś_,João*comma*_o_sensato_,Hans_cel_mintos_,Разумный_Ганс_,Akıllı_Hans_,Chàng_hansen_khôn_ngoan_,傻瓜汉斯_,,,,,,
The_three_languages,,De_tre_sprog_,Die_drei_Sprachen_,,Las_tres_lenguas_,Kolme_kieltä_,Les_trois_langages_,A_háromféle_nyelv_,I_tre_linguaggi_,三つの言葉_,,De_drie_talen_,O_chłopcu*comma*_który_u_trzech_mistrzów_pobierał_naukę_,As_três_linguagens_,,Три_языка_,Üç_Dil_,Chàng_trai_hiểu_loài_vật_nói_,三种语言_,,,,,,
Clever_Else,,Den_kloge_Else_,Die_kluge_Else_,,Elsa_la_Lista_,Viisas_Elsa_,La_sage_Élise_,Az_okos_Elza_,La_saggia_Elsa_,知恵者エルゼ_,,Knappe_Elsje_,Mądra_Elżunia_,Elsie*comma*_a_sensata_,Elisa_cea_Desteapta_,Умная_Эльза_,Akıllı_Else_,Else_láu_cá_,聪明的爱尔莎_,,,,,,
The_tailor_in_heaven,,Skrædderen_i_himlen_,Der_Schneider_im_Himmel_,,El_sastre_en_el_cielo_,Räätäli_taivaassa_,Le_tailleur_au_ciel_,A_szabó_a_mennyben_,Il_sarto_in_paradiso_,天国へ行った仕立て屋_,,De_kleermaker_in_de_hemel_,Krawiec_w_niebie_,O_alfaiate_no_Paraíso_,,Портной_в_раю_,Terzi_Cennette_,Bác_thợ_may_lên_trời_,走进天堂的裁缝_,,,,,,
The_Wishing-Table*comma*_the_Gold-Ass*comma*_and_the_Cudgel_in_the_Sack,,Bord_dæk_dig*comma*_guldæslet_og_knippelen_i_sækken_,Tischchen_deck_dich*comma*_Goldesel_und_Knüppel_aus_dem_Sack_,,La_mesa*comma*_el_asno_y_el_bastón_maravillosos_,Taikapöytä*comma*_kulta-aasi_ja_karttu_,Petite-table-sois-mise*comma*_l'Âne-à-l'or_et_Gourdin-sors-du-sac_,Terüljasztalka*comma*_Aranyszamár_és_Bujjkibunkó_,Il_tavolino_magico*comma*_l'asino_d'oro_e_il_randello_castigamatti_,おぜんやご飯のしたくと金貨を生む騾馬と棍棒袋から出ろ_,,Tafeltje_dek_je*comma*_ezeltje_strek_je_en_knuppel_uit_de_zak_,Stoliczku_nakryj_się*comma*_złoty_osiołek_i_kij_z_worka_,Mesinha_põe-te*comma*_burro_de_ouro_e_bordão_sai-do-saco_,Masa*comma*_aseaza-te!_,Столик-накройся*comma*_золотой_осёл_и_дубинка_из_мешка_,Kurul_Sofram_Kurul!_,Bàn_ơi*comma*_trải_khăn_ra*comma*_sắp_thức_ăn_đi!_,桌子、金驴和棍子_,,,,,,
Tom_Thumb,,Tommeliden_,Daumesdick_,,Pulgarcito_,Poika_peukalon_pituinen_,Tom_Pouce_,Hüvelyknőc_,Pollicino_,おやゆびこぞう_,,Duimedik_,Paluch_,O_Pequeno_Polegar_,Prichindel_,Мальчик-с-пальчик_,Parmak_Çocuk_,Chú_bé_tí_hon_,大拇指汤姆_,,,,,,
The_wedding_of_Mrs._Fox,,Fru_Rævs_bryllup_,Die_Hochzeit_der_Frau_Füchsin_,,La_boda_de_Dama_Raposa_,Rouva_Kettusen_häät_,,Rókáné_menyegzője_,La_signora_volpe_,奥様きつねの結婚_,,De_bruiloft_van_vrouw_vos_,Wesele_pani_liszki_,O_casamento_de_Dona_Raposa_,,Свадьба_госпожи_лисицы_,Tilki_Hanımın_Düğünü_,Đám_cưới_chị_cáo_,,,,,,,
The_elves,,Nisserne_,Die_Wichtelmänner_,,Los_duendecillos_,Menninkäiset_,Les_lutins_,A_pirkulicsok_,Gli_gnomi_,小人の靴屋_,,De_kabouters_,Bajki_o_krasnoludkach_,Os_gnomos_,Spiridusii_cizmari_,Домовые_,Cüceler_,Những_người_tí_hon_,两个神秘的小鞋匠_,,,,,,
The_robber_bridegroom,,Røverbrudgommen_,Der_Räuberbräutigam_,,La_novia_del_bandolero_,Rosvosulhanen_,Le_fiancé_voleur_,A_haramia-vőlegény_,Il_fidanzato_brigante_,強盗のおむこさん_,,De_roverbruidegom_,Zbójecki_narzeczony_,O_noivo_salteador_,,Разбойник-жених_,Haydut_Damat_,Chàng_rể_tương_lai_,强盗新郎_,,,,,,
Herr_Korbes,,Hr._Korbes_,Herr_Korbes_,,El_señor_Korbes_,Herra_Hirmunen_,,Kosarasi_úr_,Messer_Babau_,コルベスさま_,,Meneer_Korbes_,Pan_Korbes_,O_Senhor_Korbes_,,Господин_Корбес_,Bay_Korbes_,Ông_korb's_,海尔·柯贝斯_,,,,,,
The_godfather,,Gudfaderen_,Der_Herr_Gevatter_,,El_señor_padrino_,Kummisetä_,,Komám_uram_,Il_compare_,名づけ親さん_,,De_peetoom_,Imć_pan_kum_,O_senhor_compadre_,,Господин_кум_,Vaftiz_Baba_,Cha_đỡ_đầu_,教父_,,,,,,
Frau_Trude,,Heksen_,Frau_Trude_,,La_dama_duende_,Trude-rouva_,Dame_Trude*comma*_la_sorcière_,Boszorák_,Frau_Trude_,トゥルーデおばさん_,,Vrouw_Trui_,Baba_Jaga_,Dona_Trude_,,Фрау_Труда_,Bayan_Trude_,Bà_Trude_,,,,,,,
Godfather_Death,,Dødens_gudsøn_,Der_Gevatter_Tod_,,La_Muerte_Madrina_,Kuolema_kummina_,La_mort_marraine_,Akinek_a_halál_volt_a_keresztapja_,Comare_Morte_,死神の名付け親_,,De_dood_als_peet_,Kuma_Śmierć_,Comadre_Morte_,,Смерть_в_кумовьях_,Azrail_,Thần_chết_đỡ_đầu_,死神教父_,,,,,,
Thumbling_as_journeyman_(Thumbling's_Travels),,Tomling_på_rejse_,Daumerlings_Wanderschaft_,,Las_correrías_de_Pulgarcito_,Peukaloisen_vaellus_,,Hüvelyktyű_vándorútja_,Il_viaggio_di_Pollicino*comma*_il_piccolo_sarto_,仕立て屋の親指小僧の遍歴_,,Duimpje_de_wereld_in_,Przygody_Paluszka_,A_viagem_do_Pequeno_Polegar_,,Путешествие_Мальчика-с-пальчика_,Parmak_Çocuk_,Cuộc_ngao_du_của_tí_hon_,大拇哥游记_,,,,,,
Fitcher's_Bird,,Fitchers_fugl_,Fitchers_Vogel_,,El_pájaro_del_brujo_,Outolintu_,L'oiseau_d'ourdi_,Ficseri-madár_,L'uccello_strano_,フィッチャーの鳥_,,Vleerkens_vogel_,Ptak-straszydło_,O_estranho_pássaro_,,Диковинная_птица_,Sihirli_Kuş_,Con_chim_kỳ_lạ_,费切尔的怪鸟_,,,,,,
The_almond_tree,,Enebærtræet_,Von_dem_Machandelboom_,,El_enebro_,Kataja_,Le_conte_du_genévrier_,Az_gyalog_fenyűrűl_,Il_ginepro_,ねずの木の話_,,Van_de_wachtelboom_,Krzak_jałowca_,A_amoreira_,,Сказка_о_заколдованном_дереве_,Ardıç_Ağacı_,Cây_đỗ_tùng_,桧树_,,,,,,
Old_Sultan,,Den_gamle_Sultan_,Der_alte_Sultan_,,El_viejo_Sultán_,Vanha_Sulttaani_,Le_vieux_Sultan_,Az_öreg_Szultán_,Il_vecchio_Sultano_,ズルタンじいさん_,,De_oude_sultan_,Stary_Sułtan_,O_velho_Sultão_,Batranul_Sultan_,Старый_Султан_,Yaşlı_Sultan_,Chó_Sultan_trung_thành_,老苏丹_,,,,,,
The_six_swans,,De_seks_svaner_,Die_sechs_Schwäne_,,Los_seis_cisnes_,Kuusi_joutsenta_,Les_six_frères_cygnes_,A_hat_hattyú_,I_sei_cigni_,六羽の白鳥_,,De_zes_zwanen_,O_sześciu_łabędziach_,Os_seis_cisnes_,Cele_șase_lebede_,Шесть_лебедей_,Altı_Kuğu_,Sáu_con_thiên_nga_,六只天鹅_,,,,,,
Sleeping_Beauty_(Little_Briar_Rose),,Tornerose_,Dornröschen_,,La_Bella_Durmiente_,Ruusunen_,La_belle_au_bois_dormant_,Csipkerózsika_,Rosaspina_,いばら姫_,장미공주_,Doornroosje_,Śpiąca_królewna_,Rosicler_,Frumoasa_adormită_,Шиповничек_,Dikenli_Gül_,Công_chúa_ngủ_trong_rừng_,玫瑰公主_,,,,,,
Fundevogel_(Bird-foundling),,Findefugl_,Fundevogel_,,Piñoncito_,Löytölintu_,Dénichet_,Lelencfiók_,Ucceltrovato_,めっけ鳥_,,Vondevogel_,Ptaszynka_,Pássaro-achado_,Pasarea_gasita_,Птичий_найдёныш_,Kuşoğlan_,Bé_Fundevogel_,鸟弃儿_,,,,,,
King_Thrushbeard,,Kong_Drosselskæg_,König_Drosselbart_,,El_rey_Pico_de_Tordo_,Kuningas_Rastaanparta_,,Rigócsőr_király_,Il_re_Bazza_di_Tordo_,つぐみの髭の王さま_,,Koning_Merelbaard_,Król_Drozdobrody_,O_rei_Barba_de_Tordo_,Împăratul_Cioc_de_Sturz_,Король_Дроздобород_,Kral_Keçisakal_,Vua_chích_choè_,画眉嘴国王_,,,,,,
Snow-white,,Snehvide_,Schneewittchen_,,Blancanieves_,Lumikki_,Blanche-Neige_,Hófejírke_,Biancaneve_,白雪姫_,,Sneeuwwitje_,Królewna_Śnieżka_,Branca_de_Neve_,Albă-ca-Zăpada_,Снегурочка_,Pamuk_Prenses_,Bạch_Tuyết_và_bảy_chú_lùn_,白雪公主_,,,,,,
The_knapsack*comma*_the_hat*comma*_and_the_horn,,Ranslen*comma*_hatten_og_hornet_,Der_Ranzen*comma*_das_Hütlein_und_das_Hörnlein_,,El_morral*comma*_el_sombrerillo_y_el_cuerno_,Reppu*comma*_hattu_ja_torvi_,,A_tarisznya_a_sipka*comma*_meg_a_sípocska_,Lo_zaino*comma*_il_cappellino_e_la_cornetta_,背嚢と帽子と角笛_,,De_ransel*comma*_het_hoedje_en_het_hoorntje_,Tornister*comma*_kapelusik_i_rożek_,A_mochila*comma*_o_chapeuzinho_e_a_corneta_,,Котомка*comma*_шляпа_и_рожок_,Zembil*comma*_Şapka_ve_Borazan_,Chiếc_túi_dết*comma*_chiếc_mũ*comma*_cái_tù_và_bằng_sừng_,背囊、帽子和号角_,,,,,,
Rumpelstiltskin,,Rumleskaft_,Rumpelstilzchen_,,El_Enano_Saltarín_,Tittelintuure_,Outroupistache_,Koppciherci_,Tremotino_,ルンペルシュティルツヒェン_,,Repelsteeltje_,Titelitury_,Rumpelstilzinho_,Fata_morarului_,Гном-Тихогром_,Kuru_Gürültü_,Đồ_bỏ_xó_,侏儒妖_,,,,,,
Roland,,Rolands_kæreste_,Der_liebste_Roland_,,El_amadísimo_Rolando_,Rakas_Roland_,,Kedves_Roland_,Il_diletto_Orlando_,恋人ローランド_,,Vrijer_Roland_,Mój_miły_Roland_,O_querido_Rolando_,,Милый_Роланд_,Sevgili_Roland_,Anh_Roland_yêu_dấu_,爱人罗兰_,,,,,,
The_golden_bird,,Guldfuglen_,Der_goldene_Vogel_,,El_pájaro_de_oro_,Kultalintu_,,Az_aranymadár_,L'uccello_d'oro_,黄金の鳥_,,De_gouden_vogel_,Złoty_Ptak_,O_pássaro_de_ouro_,Pasarea_de_aur_,Золотая_птица_,Altın_Kuş_,Con_chim_vàng_,金鸟_,,,,,,
The_dog_and_the_sparrow,,Hunden_og_spurven_,Der_Hund_und_der_Sperling_,,El_perro_y_el_gorrión_,Koira_ja_varpunen_,,A_kutya_meg_a_veréb_,Il_cane_e_il_passero_,犬と雀_,,De_hond_en_de_mus_,Pies_i_wróbel_,O_cão_e_o_pardal_,,Пёс_и_воробей_,Köpek_ile_Serçe_,,狗和麻雀_,,,,,,
Frederick_and_Catherine,,Frits_og_Lise_,Der_Frieder_und_das_Katherlieschen_,,Federico_y_Catalinita_,Reetu_ja_Kaisaliisa_,,A_Fergyó_meg_a_Katóca_,Federico_e_Caterinella_,フリーダーとカーテルリースヒェン_,,Frieder_en_Katherliesje_,Fryderyk_i_Katarzynka_,Frederico_e_Catarina_,,Фридер_и_Катерлизхен_,Frieder_ile_Katherlieschen_,Anh_Frieder_thân_yêu_ơi!_,弗雷德里克和凯瑟琳_,,,,,,
The_two_brothers,,De_to_brødre_,Die_zwei_Brüder_,,Los_dos_hermanos_,Kaksi_veljestä_,,A_két_testvér_,I_due_fratelli_,二人兄弟_,,De_twee_broers_,Dwaj_Bracia_,Os_dois_irmãos_,Cei_doi_frati_,Два_брата_,İki_Kardeş_,Hai_anh_em_,两兄弟_,,,,,,
The_little_peasant,,Den_lille_bonde_,Das_Bürle_,,El_destripaterrones_,Pikku_isäntä_,,Fődi_,Il_contadinello_,水呑百姓_,,Het_boertje_,Chłopek-roztropek_,O_camponesinho_,,Мужичонка_,Çarıklı_,Bác_nông_dân_nghèo_khó_,小农夫_,,,,,,
The_queen_bee,,Bidronningen_,Die_Bienenkönigin_,,La_reina_de_las_abejas_,Mehiläiskuningatar_,La_reine_des_abeilles_,A_méhkirálynő_,La_regina_delle_api_,蜜蜂の女王_,,De_bijenkoningin_,Królowa_pszczół_,A_rainha_das_abelhas_,Craiasa_albinelor_,Царица_пчёл_,Kraliçe_Arı_,Ong_chúa_,蜂王_,,,,,,
The_three_feathers,,De_tre_fjer_,Die_drei_Federn_,,Las_tres_plumas_,Kolme_höyhentä_,Les_trois_plumes_,A_három_toll_,Le_tre_piume_,三枚の鳥の羽_,,De_drie_veren_,Trzy_piórka_,As_três_plumas_,,Три_пёрышка_,Üç_Tüy_,Ba_chiếc_lông_chim_,三片羽毛_,,,,,,
The_golden_goose,,Guldgåsen_,Die_goldene_Gans_,,La_oca_de_oro_,Kultahanhi_,L'oie_d'or_,Az_aranylúd_,L'oca_d'oro_,黄金のがちょう_,,De_gouden_gans_,Złota_gęś_,O_ganso_de_ouro_,Gasca_de_aur_,Золотой_гусь_,Altın_Kaz_,Con_ngỗng_vàng_,金鹅_,,,,,,
All-kinds-of-fur_(Allerleirauh),,Tusindskind_,Allerleirauh_,,Bestia_peluda_,Kaikenkarvainen_,,Gereznabarka_,Dognipelo_,千匹皮_,,Bontepels_,Wieloskórka_,Pele_de_bicho_,Piele_de_magar_,Пёстрая_Шкурка_,Binderili_,Allerleirauh_hay_là_công_chúa_lốm_đốm_,千皮兽_,,,,,,
The_rabbit's_bride,,Harebruden_,Häsichenbraut_,,La_novia_del_conejillo_,Jäniksen_morsian_,La_fiancée_du_petit_lapin_,A_nyulacskának_az_ő_arája_,La_sposa_del_leprotto_,子ウサギのおよめさん_,,Hazekebruid_,Zajęcza_narzeczona_,A_noiva_do_coelhinho_,,Невеста_зайчика_,Tavşan_Gelin_,,兔子新娘_,,,,,,
The_twelve_huntsmen,,De_tolv_jægere_,Die_zwölf_Jäger_,,Los_doce_cazadores_,Kaksitoista_metsästäjää_,,A_tizenkét_vadász_,I_dodici_cacciatori_,十二人の狩人_,,De_twaalf_jagers_,Dwunastu_myśliwych_,Os_doze_caçadores_,Cei_doisprezece_vanatori_,Двенадцать_охотников_,Oniki_Avcı_,,十二个猎人_,,,,,,
The_thief_and_his_master,,Lærling_og_mester_,Der_Gaudieb_und_sein_Meister_,,El_ladrón_fullero_y_su_maestro_,Huijari_ja_hänen_mestarinsa_,,A_zsibtolvajról_meg_az_ő_mesteréről_,Il_ladro_e_il_suo_maestro_,どろぼうの名人とその大先生_,,De_gauwdief_en_zijn_meester_,Złodziej_i_jego_mistrz_,O_ladrão_e_seu_mestre_,,Вор_и_его_учитель_,Düzenbaz_ve_Ustası_,Trò_và_thầy_,骗子和他的师父_,,,,,,
Jorinda_and_Joringel,,Jorinde_og_Joringel_,Jorinde_und_Joringel_,,Yorinda_y_Yoringuel_,Jorinde_ja_Joringel_,Jorinde_et_Joringel_,Jorinde_és_Joringel_,Jorinda_e_Joringhello_,ヨリンデとヨリンゲル_,,Jorinde_en_Joringel_,Jorinda_i_Joringel_,Jorinda_e_Jorindo_,Jorinde_si_Joringel_,Иоринда_и_Иорингель_,Jorinde_ile_Joringel_,Jorinde_và_Joringel_,约丽丹和约雷德尔_,,,,,,
The_three_children_of_fortune,,De_tre_lykkebørn_,Die_drei_Glückskinder_,,Los_tres_favoritos_de_la_fortuna_,Kolme_onnenpoikaa_,Les_trois_enfants_gâtés_de_la_fortune_,Három_szerencsések_,I_tre_figli_della_fortuna_,三人のしあわせもの_,,De_drie_gelukskinderen_,Trzej_szczęśliwcy_,Os_três_irmãos_afortunados_,,Три_счастливчика_,Üç_Talihli_,Ba_người_số_đỏ_,三个幸运儿_,,,,,,
Six_soldiers_of_fortune,,Historien_om_seks*comma*_der_kommer_gennem_hele_verden_,Sechse_kommen_durch_die_ganze_Welt_,,Seis_que_salen_de_todo_,Kuusi_kumppanusta_,Les_six_compagnons_qui_viennent_à_bout_de_tout_,Hatan_megbirkóznak_az_egész_világgal_,I_sei_che_si_fanno_strada_per_il_mondo_,六人男、世界を股にかける_,,Met_z'n_zessen_de_hele_wereld_door_,Sześciu_zawsze_sobie_radę_da_,Os_seis_que_tudo_conseguiam_,,Вшестером*comma*_целый_свет_обойдем_,Altı_Kafadar_Dünyayı_Dolaşıyor_,Sáu_người_đi_khắp_thế_gian_,六个人走遍天下_,,,,,,
The_wolf_and_the_man,,Ulven_og_mennesket_,Der_Wolf_und_der_Mensch_,,El_lobo_y_el_hombre_,Susi_ja_ihminen_,Le_loup_et_l'homme_,A_farkas_és_az_ember_,Il_lupo_e_l'uomo_,狼と人間_,,De_wolf_en_de_mens_,Wilk_i_człowiek_,O_lobo_e_o_homem_,Cum_a_luat_cunostinta_lupul_de_voinicia_omului_,Волк_и_человек_,Kurt_ile_İnsan_,Chó_sói_và_người_,狼和人_,,,,,,
The_wolf_and_the_fox,,Ulven_og_ræven_,Der_Wolf_und_der_Fuchs_,,El_lobo_y_la_zorra_,Susi_ja_kettu_,Le_loup_et_le_renard_,A_farkas_meg_a_róka_,Il_lupo_e_la_volpe_,狼と狐_,,De_wolf_en_de_vos_,Wilk_i_lis_,O_lobo_e_a_raposa_,Lupul_si_vulpea_,Волк_и_лиса_,Kurt_ile_Tilki_,Chó_sói_và_cáo_,狼和狐狸_,,,,,,
Gossip_wolf_and_the_fox_(The_fox_and_his_cousin),,Ræven_og_fru_Ulv_,Der_Fuchs_und_die_Frau_Gevatterin_,,El_zorro_y_su_comadre_,Kettu_kummina_,,A_róka_meg_a_komaasszony_,La_volpe_e_la_comare_,狼と名付けをたのんだ奥さま_,,De_vos_en_de_moeder_van_zijn_petekind_,Lis_i_jego_kuna_,A_raposa_e_a_comadre_,,Лис_и_госпожа_кума_,Tilki_ile_Komşusu_,Cáo_làm_cha_đỡ_đầu_,母狼高司普和狐狸_,,,,,,
The_fox_and_the_cat,,Ræven_og_katten_,Der_Fuchs_und_die_Katze_,,La_zorra_y_el_gato_,Kettu_ja_kissa_,,A_róka_meg_a_macska_,La_volpe_e_il_gatto_,狼と猫_,,De_vos_en_de_kat_,Lis_i_kot_,A_raposa_e_o_gato_,Vulpea_si_pisica_,Лис_и_кошка_,Tilki_ile_Kedi_,Cáo_và_mèo_,,,,,,,
The_pink,,Nelliken_,Die_Nelke_,,El_clavel_,Neilikka_,,A_szegfű_,Il_garofano_,なでしこ_,,De_anjer_,Goździk_,O_cravo_,,Гвоздика_,Karanfil_,Sự_tích_hoa_cẩm_chướng_,石竹花_,,,,,,
Clever_Grethel,,Den_kloge_Grete_,Das_kluge_Gretel_,,La_pícara_cocinera_,Viisas_Kerttu_,,Eszes_Marcsa_,La_saggia_Ghita_,知恵者のグレーテル_,,Slimme_Grietje_,Mądra_Małgosia_,Margarida*comma*_a_espertalhona_,,Находчивая_Гретель_,Akıllı_Gretel_,Ả_Gretel_tinh_ranh_,聪明的格蕾特_,,,,,,
The_old_man_and_his_grandson,,Bedstefaderen_og_sønnesønnen_,Der_alte_Großvater_und_der_Enkel_,,El_abuelo_y_el_nieto_,Vanha_vaari_ja_pojanpoika_,Le_vieux_grand-père_et_son_petit-fils_,Öregapó_meg_az_unokája_,Il_vecchio_nonno_e_il_nipotino_,としよりのおじいさんと孫_,,De_oude_grootvader_en_zijn_kleinzoon_,Stary_Dziadek_i_jego_Wnuk_,O_avô_e_o_netinho_,Bunicul_si_nepotul_,Старый_дед_и_внучек_,Dede_ile_Torun_,Ông_nội_và_cháu_đích_tôn_,祖父和孙子_,,,,,,
The_water-nix,,Havfruen_,Die_Wassernixe_,,La_ondina_,Vetehinen_,L'ondine_,A_vízitündér_,L'ondina_,水の精_,,De_waternimf_,Wodnica_,A_ondina_,,Русалка_,Su_Perisi_,Trí_khôn_con_trẻ_,女水妖_,,,,,,
The_death_of_the_little_hen,,Om_hønens_død_,Von_dem_Tode_des_Hühnchens_,,La_muerte_de_la_gallinita_,Kanan_kuolema_,,A_tyúkocska_halálról_,La_morte_della_gallinella_,めんどりの死んだ話_,,De_dood_van_het_hennetje_,O_Śmierci_Kurki_,A_morte_da_franguinha_,,О_смерти_курочки_,Tavuğun_Ölümü_,Đám_tang_chị_gà_mái_,小母鸡之死_,,,,,,
Brother_Lustig,,Bror_Lystig_,Bruder_Lustig_,,Hermano_Alegre_,Veli_Hilpeä_,,Vidám_Koma_,Il_Buontempone_,のんき者_,,Jan_Plezier_,Brat_Wesołek_,O_Irmão_Folgazão_,,Брат-Весельчак_,Şakacı_Birader_,Chàng_trai_vui_vẻ_,,,,,,,
Gambling_Hansel,,Spillehans_,Der_Spielhansl_,,El_jugador_,Peluri-Hannu_,,Kártyás_Janó_,Il_Giocatutto_,道楽ハンスル_,,Speelhans_,Jaś_Kostera_,João_Jogatudo_,,Гансль-Игрок_,Kumarbaz_Hansel_,Hansl_lêu_lổng_,赌鬼汉塞尔_,,,,,,
Hans_in_luck,,Lykkehans_,Hans_im_Glück_,,Juan_con_suerte_,Onnekas_Hannu_,Jean_le_chanceux_,Szerencsefi_Jankó_,La_fortuna_di_Gianni_,幸せハンス_,,Gelukkige_Hans_,Szczęśliwy_Jaś_,João*comma*_o_felizardo_,Hans_cel_norocos_,Ганс_в_счастье_,Şanslı_Hans_,Chú_Hans_sung_sướng_,称心如意的汉斯_,,,,,,
Hans_married,,Hans_gifter_sig_,Hans_heiratet_,,Juan_se_casa_,Hannun_naimakauppa_,,János_nősül_,Gianni_si_sposa_,ハンスの嫁取り_,,Hans_viert_bruiloft_,Jaś_się_żeni_,O_casamento_de_João_,,Ганс_женится_,Hans_Evleniyor_,Chú_Hans_lấy_vợ_,汉斯成亲_,,,,,,
The_gold-children,,Guldbørnene_,Die_Goldkinder_,,Los_niños_de_oro_,Kultalapset_,Les_enfants_d'or_,A_két_aranygyermek_,I_figli_d'oro_,黄金の子供たち_,,De_goudkinderen_,Złote_dzieci_,Os_filhos_de_ouro_,,Золотые_дети_,Altın_Çocuklar_,Ngư_phủ_và_con_cá_vàng_,金娃娃_,,,,,,
The_fox_and_the_geese,,Ræven_og_gæssene_,Der_Fuchs_und_die_Gänse_,,La_zorra_y_los_gansos_,Kettu_ja_hanhet_,Le_renard_et_les_oies_,A_róka_meg_a_ludak_,La_volpe_e_le_oche_,狐とがちょう_,,De_vos_en_de_ganzen_,Lis_i_gęsi_,A_raposa_e_os_gansos_,Vulpea_si_gastele_,Лис_и_гуси_,Tilki_ve_Kazlar_,Cáo_và_đàn_ngỗng_,,,,,,,
The_poor_man_and_the_rich_man,,Den_fattige_og_den_rige_mand_,Der_Arme_und_der_Reiche_,,El_pobre_y_el_rico_,Köyhä_mies_ja_rikas_mies_,Le_pauvre_et_le_riche_,A_szegényember_meg_a_gazdag_,Il_ricco_e_il_povero_,貧乏人と金持ち_,,De_arme_en_de_rijke_,Biedak_i_Bogacz_,O_pobre_e_o_rico_,,Бедняк_и_богач_,Fakir_ile_Zengin_,Người_nghèo*comma*_người_giàu_,穷人和富人_,,,,,,
The_singing*comma*_springing_lark,,Den_syngende_og_hoppende_lærke_,Das_singende*comma*_springende_Löweneckerchen_,,La_alondra_cantarina_y_saltarina_,Laulava_liekkuva_leivonen_,,A_daloló*comma*_szökellő_süsetekmadár_,L'allodola_che_canta_e_saltella_,鳴いて跳ねるひばり_,,Het_zingende*comma*_springende_leeuwerikje_,Śpiewający*comma*_skaczący_skowronek_,Uma_andorinha_que_canta_e_pula_,Privighetoarea_cea_cantatoare_si_jucausa_,Поющий_и_прыгающий_жаворонок_,Şakıyan_Tarla_Kuşu_,Chim_sơn_ca_nhảy_nhót*comma*_hót_véo_von_,少女和狮子_,,,,,,
The_goose_girl,,Gåsepigen_,Die_Gänsemagd_,,La_pastora_de_ocas_,Hanhipiika_,,A_libapásztorlány_,La_piccola_guardiana_di_oche_,がちょう番の女_,,De_ganzenhoedster_,Gęsiareczka_,A_pastorinha_de_gansos_,,Гусятница_,Kaz_Güden_Kız_,Cô_gái_chăn_ngỗng_,牧鹅姑娘_,,,,,,
The_young_giant,,Den_unge_kæmpe_,Der_junge_Riese_,,El_joven_gigante_,Jättiläispoika_,Le_jeune_géant_,Az_ifjú_óriás_,Il_giovane_gigante_,若い大男_,,De_jonge_reus_,Młody_olbrzym_,O_jovem_gigante_,Uriasul_cel_tanar_,Юный_великан_,Genç_Dev_,Chàng_khổng_lồ_trẻ_tuổi_,年轻的巨人_,,,,,,
The_gnome,,Den_underjordiske_,Das_Erdmännchen_,,El_gnomo_,Maahinen_,,Az_föld_béli_emberkéről_,Lo_gnomo_,土の中の小人_,,Het_aardmannetje_,Podziomek_,O_gnomo_,,Подземный_человечек_,Masal_Cücesi_,Người_tí_hon_trong_lòng_đất_,土地神_,,,,,,
The_king_of_the_golden_mountain,,Kongen_af_det_gyldne_bjerg_,Der_König_vom_goldenen_Berg_,,El_rey_de_la_montaña_de_oro_,Kultavuoren_kuningas_,,Az_aranyhegy_királya_,Il_re_del_monte_d'oro_,金の山の王さま_,,De_koning_van_de_gouden_berg_,Król_na_Złotej_Górze_,O_rei_da_Montanha_Dourada_,,Король_с_Золотой_Горы_,Altın_Dağın_Kralı_,Vua_núi_vàng_,金山王_,,,,,,
The_raven,,Ravnen_,Die_Rabe_,,El_cuervo_,Korppi_,,Hollólány_,Il_corvo_,大がらす_,,De_raaf_,Kruk_,O_corvo_,,Ворона_,Karga_,Con_quạ_,乌鸦_,,,,,,
The_peasant's_wise_daughter,,Den_kloge_bondepige_,Die_kluge_Bauerntochter_,,La_campesina_prudente_,Viisas_torpantyttö_,,Az_okos_parasztlány_,La_figlia_furba_del_contadino_,賢い百姓娘_,,De_verstandige_boerendochter_,Mądra_wieśniaczka_,A_camponesinha_sagaz_,Fata_mosului_cea_cuminte_,Умная_дочь_крестьянина_,Akıllı_Köylü_Kızı_,Cô_gái_khôn_ngoan_,聪明的农家女_,,,,,,
Old_Hildebrand,,Den_gamle_Hildebrand_,Der_alte_Hildebrand_,,El_viejo_Hildebrando_,Vanha_Hildebrand_,,Az_öreg_Hildebrand_,Il_vecchio_Ildebrando_,ヒルデブラントおじい_,,De_oude_Hildebrand_,Stary_Hildebrand_,O_velho_Hildebrand_,,Старый_Гильдебранд_,Yaşlı_Hildebrand_,Bác_Hildebrand_già_cả_,老希尔德布朗_,,,,,,
The_three_little_birds,,De_tre_små_fugle_,Die_drei_Vögelchen_,,Los_tres_pajarillos_,Kolme_lintusta_,,Az_három_madárkárúl_,I_tre_uccelli_,三羽の小鳥_,,De_drie_vogeltjes_,Trzy_ptaszki_,Os_três_passarinhos_,,Три_птички_,Üç_Yavru_Kuş_,Ba_con_chim_nhỏ_,三只小鸟_,,,,,,
The_water_of_life,,Livsens_vand_,Das_Wasser_des_Lebens_,,El_agua_de_la_vida_,Elämänvesi_,L'eau_de_vie_,Az_élet_vize_,L'acqua_della_vita_,命の水_,,Het_water_des_levens_,Woda_życia_,A_Agua_da_Vida_,Apa_vietii_,Живая_вода_,Hayat_Suyu_,Nước_trường_sinh_,生命之水_,,,,,,
Doctor_Know-all,,Doktor_Alvidende_,Doktor_Allwissend_,,El_doctor_Sabelotodo_,Tohtori_Kaikkitietävä_,Le_docteur_universel_,Mindentudó_Doktor_,Il_dottor_Satutto_,もの知り博士_,,Dokter_Alwetend_,Doktor_Wszechwiedzący_,O_doutor_Sabetudo_,,Доктор_Всезнайка_,Doktor_Çokbilmiş_,Bác_sĩ_Vạn_Năng_,万事通大夫_,,,,,,
The_spirit_in_the_glass_bottle,,Ånden_i_flasken_,Der_Geist_im_Glas_,,El_espíritu_embotellado_,Pullon_henki_,L'esprit_dans_la_bouteille_,A_palackba_zárt_szellem_,Lo_spirito_nella_bottiglia_,ガラス瓶の中の化け物_,,De_geest_in_de_fles_,Duch_w_butelce_,O_espirito_na_garrafa_,Spiritul_din_sticla_,Дух_в_бутылке_,Şişedeki_Cin_,Con_quỷ_trong_chai_thủy_tinh_,玻璃瓶中的妖怪_,,,,,,
The_Devil's_sooty_brother,,Djævelens_snavsede_bror_,Des_Teufels_rußiger_Bruder_,,El_mugriento_hermano_del_diablo_,Paholaisen_nokinen_veli_,,Az_ördög_kormos_komája_,Il_fuligginoso_fratello_del_diavolo_,悪魔の煤けた相棒_,,De_roetzwarte_broer_van_de_duivel_,Smoluch_diabli_kamrat_,O_fuliginoso_irmão_do_diabo_,,Чертов_чумазый_брат_,Şeytanın_Kardeşi_,Em_bồ_hóng_của_quỷ_,,,,,,,
Bearskin,,Bjørneskindsmanden_,Der_Bärenhäuter_,,Piel_de_Oso_,Karhun-turjake_,L'homme_à_la_peau_d'ours_,Medvebőr_,La_giubba_verde_del_diavolo_,熊の皮_,,Berenpels_,Niedźwiedzia_skóra_,Pele_de_urso_,Blana_de_urs_,Медвежатник_,Ayıpostlu_,Người_da_gấu_,熊皮人_,,,,,,
The_willow-wren_and_the_bear,,Gærdesmutten_og_bjørnen_,Der_Zaunkönig_und_der_Bär_,,El_reyezuelo_y_el_oso_,Lintujen_kuningas_ja_karhu_,L'ours_et_le_roitelet_,A_sövénykirály_és_a_medve_,Il_re_di_macchia_e_l'orso_,みそさざいと熊_,,Het_winterkoninkje_en_de_beer_,Mysikrólik_i_niedźwiedź_,O_urso_e_a_carriça_,,Королёк_и_медведь_,Çalıkuşu_ve_Ayı_,Chim_hồng_tước_và_gấu_,山雀和熊_,,,,,,
Sweet_porridge,,Den_søde_grød_,Der_süße_Brei_,,Gachas_dulces_,Makea_puuro_,La_douce_bouillie_,Az_édes_kása_,La_pappa_dolce_,おいしいお粥_,,De_zoete_pap_,Słodka_zupa_,O_mingau_doce_,,Сладкая_каша_,Muhallebi_,Nồi_cháo_đường_,甜粥_,,,,,,
Wise_folks,,De_kloge_folk_,Die_klugen_Leute_,,Gente_lista_,Viisasta_väkeä_,,Az_okos_emberek_,I_fedeli_animali_,賢い人々_,,De_verstandige_lieden_,Mądrzy_ludziska_,Os_espertalhões_,,Умные_люди_,Akıllı_İnsanlar_,Những_người_khôn_ngoan_,聪明的老兄_,,,,,,
Stories_about_snakes,,Eventyr_om_skrubtudsen_,Märchen_von_der_Unke_,,Cuentos_del_sapo_,Käärmesatuja_,,Békamesék_,Storie_della_serpe_,蛇の話_,,Slangensprookjes_,Bajeczki_o_żabce_,Contos_de_rãs_,,Сказки_про_жерлянку_,Kurbağa_Masalı_,Con_cóc_,,,,,,,
The_poor_miller's_boy_and_the_cat,,Den_fattige_møllerdreng_og_katten_,Der_arme_Müllerbursch_und_das_Kätzchen_,,El_pobre_mozo_molinero_y_la_gatita_,Myllynrenki_ja_kissa_,,A_szegény_molnárlegény_meg_a_cica_,Il_povero_garzone_e_la_gattina_,貧乏な粉屋の若者と小猫_,,De_arme_molenaarsknecht_en_het_katje_,O_biednym_młynarczyku_i_o_kotce_,O_pobre_moço_do_moinho_e_a_gatinha_,Calfa_de_morar_si_pisica_,Бедный_работник_с_мельницы_и_кошечка_,Fakir_Değirmenci_ile_Kedi_,Gã_xay_bột_nghèo_khó_và_chú_mèo_đốm_,穷磨房小工和猫_,,,,,,
The_two_travellers,,De_to_vandringsmænd_,Die_beiden_Wanderer_,,Los_dos_caminantes_,Kaksi_kisälliä_,Les_deux_compagnons_de_route_,A_két_vándor_,Le_cornacchie_,二人の旅人_,,De_twee_reisgezellen_,Dwaj_Wędrownicy_,Os_dois_companheiros_de_viagem_,Cei_doi_drumeti_,Два_странника_,İki_Gezgin_,Ác_giả_ác_báo_,两个旅行家_,,,,,,
Hans_my_hedgehog,,,Hans_mein_Igel_,,Juan-mi-erizo_,Siili-Jussi_,Jean-mon-hérisson_,Sünöm_János_,Gian_Porcospino_,ハンスぼっちゃんはりねずみ_,,Hans_mijn_Egel_,Jasio-Jeżyk_,João-Ouriço_,Hans*comma*_ariciul_meu_,Ганс_мой_Еж_,Kirpi_Hans_,Hans_người_nhím_,刺猬汉斯_,,,,,,
The_shroud,,Ligskjorten_,Das_Totenhemdchen_,,La_camisita_del_muerto_,Kuolinpaita_,Le_petit_linceul_,A_halotti_ingecske_,La_camicina_da_morto_,きょうかたびら_,,Het_doodshemdje_,Grobowa_Koszulina_,A_mortalha_do_menino_,,Маленький_саван_,Kefen_Bezi_,Chiếc_áo_của_người_quá_cố_,,,,,,,
The_jew_among_thorns,,Jøden_i_tornebusken_,Der_Jude_im_Dorn_,,El_judío_en_el_espino_,Juutalainen_piikkipensaassa_,,Tüske_fogta_zsidó_,L'ebreo_nello_spineto_,いばらの中のユダヤ人_,,De_jood_in_de_doornstruik_,Żyd_pośród_cierni_,O_judeu_no_meio_dos_espinhos_,,Еврей_в_терновнике_,Yahudinin_Zoru_,Ba_điều_ước_,丛林中的守财奴_,,,,,,
The_skilful_huntsman,,Den_flinke_jæger_,Der_gelernte_Jäger_,,El_hábil_cazador_,Taitava_metsästäjä_,,A_tanult_vadász_,Il_cacciatore_provetto_,腕のいい狩人_,,De_volleerde_jager_,Wytrawny_myśliwy_,O_caçador_habilitado_,Vanatorul_cel_iscusit_,Ученый_охотник_,Usta_Avcı_,Người_thợ_săn_tài_giỏi_,技艺高超的猎人_,,,,,,
The_flail_from_heaven,,Tærskeplejlen_fra_himlen_,Der_Dreschflegel_vom_Himmel_,,El_mayal_del_cielo_,Taivaallinen_puimavarsta_,,Az_égből_jött_cséphadaró_,La_trebbia_venuta_dal_cielo_,天のからさお_,,De_dorsvlegel_uit_de_hemel_,Cep_z_Nieba_,O_mangual_do_céu_,,Цеп_с_неба_,Gökten_İnen_Düven_,Néo_lúa_lấy_từ_trên_trời_,来自天堂的连枷_,,,,,,
The_two_kings'_children,,De_to_kongebørn_,Die_beiden_Königskinder_,,Los_dos_príncipes_,Kaksi_kuninkaanlasta_,,Az_keráloknak_két_gyermekekrűl_,Il_principe_e_la_principessa_,王の子ふたり_,,De_twee_koningskinderen_,Dwaj_królewiątka_,O_príncipe_e_a_princesa_,,Королевские_дети_,Prens_ile_Prenses_,Ba_hạt_hồ_đào_,两个国王的孩子_,,,,,,
The_cunning_little_tailor,,Den_kloge_lille_skrædder_,Vom_klugen_Schneiderlein_,,El_sastrecillo_listo_,Neuvokas_pikku_räätäli_,,Az_okos_szabócskáról_,Il_saggio_piccolo_sarto_,賢いちびの仕立て屋の話_,,Het_snuggere_snijdertje_,O_mądrym_krawczyku_,O_alfaiatinho_intrépido_,Croitoraşul_cel_isteţ_,Про_умного_портняжку_,Akıllı_Terzi_,Người_thợ_may_khôn_ngoan_,,,,,,,
The_bright_sun_brings_it_to_light,,Den_klare_sol_bringer_alting_for_en_dag_,Die_klare_Sonne_bringts_an_den_Tag_,,El_sol_revelador_,Kaikki_tulee_päivänvaloon_,Le_clair_soleil_fera_éclater_la_vérité_au_grand_jour_,A_fényes_Nap_majd_földeríti_,La_luce_del_sole_lo_rivelerà_,明るいお天道様は明るみに出す_,,De_heldere_zon_brengt_het_aan_het_licht_,Jasne_słońce_cię_wyda!_,A_luz_do_sol_o_revelara_,,Солнце_ясное_всю_правду_откроет_,Sır_Veren_Güneş_,Có_Trời_chứng_giám_,清白的太阳揭露了真相_,,,,,,
The_blue_light,,Det_blå_lys_,Das_blaue_Licht_,,La_lámpara_azul_,Sininen_liekki_,La_lumière_bleue_,A_kék_mécses_,La_luce_azzurra_,青いランプ_,,Het_blauwe_licht_,Niebieskie_Światełko_,A_luz_azul_,Flacara_albastra_,Синяя_свечка_,Mavi_Işık_,Ngọn_đèn_xanh_,蓝灯_,,,,,,
The_wilful_child,,Det_uartige_barn_,Das_eigensinnige_Kind_,,El_chiquillo_testarudo_,Uppiniskainen_lapsi_,,A_makacs_gyermek_,Il_bambino_capriccioso_,わがままな子供_,,Het_eigenzinnige_kind_,Uparte_dziecko_,O_menino_teimoso_,,Своевольное_дитя_,Tuhaf_bir_çocuk_,Đứa_con_ngỗ_ngược_,犟孩子_,,,,,,
The_three_army-surgeons,,De_tre_læger_,Die_drei_Feldscherer_,,Los_tres_cirujanos_,Kolme_välskäriä_,,A_három_felcser_,I_tre_cerusici_,三人の軍医_,,De_drie_heelmeesters_,Trzej_cyrulicy_,Os_três_cirurgiões_,,Три_фельдшера_,Üç_Askeri_Doktor_,Ba_thầy_thuốc_giỏi_,三个军医_,,,,,,
The_seven_Swabians,,,Die_sieben_Schwaben_,,Los_siete_suabos_,Seitsemän_švaabia_,Les_sept_Souabes_,A_hét_sváb_,I_sette_svevi_,シュヴァーベンの七人男_,,De_zeven_Zwaben_,Siedmiu_zuchów_ze_Szwabii_,Os_sete_suábios_,,Семеро_швабов_,Yedi_Kahraman_,Bảy_người_xứ_Schwaben_,七个斯瓦比亚人_,,,,,,
The_three_apprentices,,,Die_drei_Handwerksburschen_,,Los_tres_operarios_,Kolme_kisälliä_,,A_három_iparoslegény_,I_tre_garzoni_,三人の見習い職人_,,De_drie_handwerksgezellen_,Trzej_wędrowni_czeladnicy_,Os_três_empregados_,,Трое_подмастерьев_,Üç_Zanaatkâr_Oğlan_,Ba_chú_phó_nhỏ_,三个小伙计_,,,,,,
The_king's_son_who_feared_nothing,,Kongesønnen*comma*_som_ikke_var_bange_for_noget_,Der_Königssohn*comma*_der_sich_vor_nichts_fürchtet_,,El_príncipe_intrépido_,Peloton_kuninkaanpoika_,,A_királyfi*comma*_aki_nem_ismerte_a_félelmet_,Il_principe_senza_paura_,こわいものなしの王子_,,De_koningszoon_die_nergens_bang_voor_was_,O_królewiczu*comma*_który_nie_znalazł_strachu_,O_príncipe_sem_medo_,Feciorul_de_crai_care_nu_se_temea_de_nimic_,Сын_короля*comma*_который_ничего_не_боялся_,Cesur_Prens_,Chàng_hoàng_tử_không_biết_sợ_,无所畏惧的王子_,,,,,,
Donkey_cabbages,,Salatæslet_,Der_Krautesel_,,La_lechuga_prodigiosa_,Salaattiaasi_,,A_leveli_szamár_,L'insalata_magica_,キャベツろば_,,De_groente-ezel_,Kapuściany_Osioł_,A_alface_magica_,Varza_fermecata_,Салатный_осел_,Yabani_Ot_,Rau_lừa_,魔草_,,,,,,
The_old_woman_in_the_wood,,Den_gamle_i_skoven_,Die_Alte_im_Wald_,,La_vieja_del_bosque_,Metsän_vanha_eukko_,,Erdei_anyó_,La_vecchia_nel_bosco_,森のなかのばあさん_,,De_oude_vrouw_in_het_bos_,Starucha_w_lesie_,A_velha_do_bosque_,,Лесная_старуха_,Ormandaki_Yaşlı_Kadın_,Bà_già_ở_trong_rừng_,森林中的老妇人_,,,,,,
The_three_brothers,,De_tre_brødre_,Die_drei_Brüder_,,Los_tres_hermanos_,Kolme_veljestä_,Les_trois_frères_,A_három_testvér_,I_tre_fratelli_,三人兄弟_,,De_drie_broers_,Trzech_braci_,Os_três_irmãos_,Cei_trei_frati_,Три_брата_,Üç_Kardeş_,Ba_anh_em_,三兄弟_,,,,,,
The_devil_and_his_grandmother,,Djævelen_og_hans_bedstemor_,Der_Teufel_und_seine_Großmutter_,,El_diablo_y_su_abuela_,Paholainen_ja_hänen_isoäitinsä_,Le_diable_et_sa_grand-mère_,Az_ördög_meg_az_öreganyja_,Il_diavolo_e_sua_nonna_,悪魔とそのおばあさん_,,De_duivel_en_zijn_grootmoeder_,Diabeł_i_jego_babcia_,O_diabo_e_sua_avó_,Scaraotchi_si_bunica-sa_,Чёрт_и_его_бабушка_,Şeytan_ve_Ninesi_,Con_quỷ_và_bà_nội_nó_,,,,,,,
Ferdinand_the_faithful,,Ferdinand_tro_og_Ferdinand_utro_,Ferdinand_getreu_und_Ferdinand_ungetreu_,,Fernando_Leal_y_Fernando_Desleal_,Reilu-Reetu_ja_Renttu-Reetu_,Fernand_Loyal_et_Fernand_Déloyal_,A_hű_valamint_a_hűtlen_két_Ferenándrúl_,Fernando_fedele_e_Fernando_infedele_,誠実なフェレナントと不誠実なフェレナント_,,Fernand_getrouw_en_Fernand_ontrouw_,Ferdynand_Wierny_i_Ferdynand_Niewierny_,Fernando_fiel_e_Fernando_infiel_,Ferdinand_cel_credincios_si_Ferdinand_cel_necredincios_,Ференанд_Верный_и_Ференанд_Неверный_,Sadık_Ferdinand_ile_Nankör_Ferdinand_,Ferdinand_trung_thực_và_Ferdinand_không_trung_thực_,忠实和不忠实的费迪南_,,,,,,
The_iron_stove,,Jernovnen_,Der_Eisenofen_,,El_horno_de_hierro_,Rautauuni_,Le_poêle_de_fonte_,A_vaskályha_,Il_forno_,鉄のストーブ_,,De_ijzeren_kachel_,Żelazny_piec_,O_fogão_de_ferro_,,Железная_печь_,Demir_Soba_,Chiếc_hộp_sắt_biết_nói_,铁炉_,,,,,,
The_lazy_spinner,,Den_dovne_spinderske_,Die_faule_Spinnerin_,,La_hilandera_holgazana_,Laiska_kehrääjä_,,A_lusta_fonóasszony_,La_filatrice_pigra_,なまけ者の糸つむぎ女_,,De_luie_spinster_,Leniwa_prządka_,A_fiandeira_preguiçosa_,,Ленивая_пряха_,Tembel_Kadın_,Ả_kéo_sợi_lười_biếng_,懒纺妇_,,,,,,
The_four_skilful_brothers,,De_fire_kunstfærdige_brødre_,Die_vier_kunstreichen_Brüder_,,Los_cuatro_hermanos_ingeniosos_,Neljä_taitavaa_veljestä_,,A_négy_fortélyos_testvér_,I_quattro_fratelli_ingegnosi_,腕利き四人兄弟_,,De_vier_kunstvaardige_broers_,Bajka_o_czterech_braciach_,Os_quatro_irmãos_habilidosos_,Cele_patru_mestesuguri_iscusite_,Четверо_искусных_братьев_,Dört_Sanatkâr_Kardeş_,Bốn_anh_em_tài_giỏi_,四个聪明的兄弟_,,,,,,
One-eye*comma*_two-eyes*comma*_and_three-eyes,,Enøje*comma*_Toøje_og_Treøje_,Einäuglein*comma*_Zweiäuglein_und_Dreiäuglein_,,Un_Ojito*comma*_Dos_Ojitos_y_Tres_Ojitos_,Yksisilmä*comma*_Kaksisilmä_ja_Kolmisilmä_,Un-œil*comma*_Deux-yeux_et_Trois-yeux_,Egyszemke*comma*_kétszemke_és_háromszemke_,Occhietto*comma*_Duocchietti*comma*_Treocchietti_,一つ目、二つ目、三つ目_,,Eenoogje*comma*_Tweeoogje_en_Drieoogje_,Jednooczka*comma*_Dwuoczka_i_Trzyoczka_,Olhinho*comma*_Doisolhinhos*comma*_Trêsolhinhos_,Pomul_cu_merele_de_aur_,Одноглазка*comma*_Двуглазка_и_Трехглазка_,Tekgözlü*comma*_Çiftgözlü_ve_Üçgözlü_,Cô_Một_Mắt*comma*_cô_Hai_Mắt_và_cô_Ba_Mắt_,一只眼、两只眼和三只眼_,,,,,,
Fair_Katrinelje_and_Pif-Paf-Poltrie,,Den_smukke_Katrine_og_købstadstampen_,Die_schöne_Katrinelje_und_Pif_Paf_Poltrie_,,La_bella_Catalinita_y_Pif_Paf_Poltri_,Kaunis_Katriina_ja_Pii_Paa_Pullero_,,Szép_Katrinelje_és_Dirr-Durr_Dörregi_,La_bella_Caterinella_e_Pum_Pum_Fracassino_,美人のカトリネルエとピフ・パフ・ポルトリー_,,Het_mooie_Katrinelletje_en_Pief_Paf_Poltrie_,Śliczna_Katrinela_i_Piotr_Pif-Paf_,A_bela_Catarina_e_Poldo_Pif_Paf_,,Красавица_Катринелье_и_Пиф_Паф_Польтри_,Soru-Cevap_,Cô_Katrinelje_xinh_đẹp_và_anh_chàng_Pif_Paf_Poltrie_,美丽的卡特琳莱叶和彼夫帕夫波儿特里尔_,,,,,,
The_fox_and_the_horse,,Hesten_og_ræven_,Der_Fuchs_und_das_Pferd_,,La_zorra_y_el_caballo_,Kettu_ja_hevonen_,,A_róka_meg_a_ló_,La_volpe_e_il_cavallo_,狐と馬_,,De_vos_en_het_paard_,Lis_i_koń_,A_raposa_e_o_cavalo_,Vulpea_si_calul_,Лиса_и_лошадь_,Tilki_ile_At_,Cáo_và_ngựa_,狐狸和马_,,,,,,
The_shoes_that_were_danced_to_pieces,,De_hullede_sko_,Die_zertanzten_Schuhe_,,Las_princesas_bailadoras_,Puhki_tanssitut_kengät_,Les_souliers_usés_au_bal_,A_széttáncolt_cipellők_,Le_scarpe_logorate_dal_ballo_,踊ってすりきれた靴_,,De_stukgedanste_schoentjes_,Buty_w_tańcu_przetarte_,Os_sapatos_estragados_,,Стоптанные_туфельки_,Yırtık_Pabuçlar_,Những_đôi_giày_nhảy_rách_,十二个跳舞的公主_,,,,,,
The_six_servants,,De_seks_tjenere_,Die_sechs_Diener_,,Los_seis_criados_,Kuusi_palvelijaa_,,A_hat_szolga_,I_sei_servi_,六人の家来_,,De_zes_dienaren_,Sześcioro_Sług_,Os_seis_criados_,Cei_sase_slujitori_,Шестеро_слуг_,Altı_Kafadar_,Sáu_người_kỳ_tài_,六个仆人_,,,,,,
The_white_bride_and_the_black_one,,Den_hvide_og_den_sorte_brud_,Die_weiße_und_die_schwarze_Braut_,,La_novia_blanca_y_la_novia_negra_,Valkoinen_ja_musta_morsian_,La_noire_et_la_blanche_épousée_,A_fehér_és_a_fekete_menyasszony_,La_sposa_bianca_e_quella_nera_,白い花嫁と黒い花嫁_,,De_witte_en_de_zwarte_bruid_,Biała_i_czarna_narzeczona_,A_noiva_branca_e_a_noiva_preta_,,Белая_и_черная_невеста_,Kara_Gelinle_Beyaz_Gelin_,Cô_dâu_đen_và_cô_dâu_trắng_,白新娘和黑新娘_,,,,,,
Iron_John,,Jernhans_,Der_Eisenhans_,,Juan_de_Hierro_,Rauta-Hannu_,,Vasjankó_,L'uomo_selvaggio_,鉄のハンス_,,IJzeren_Hans_,Żelazny_Jan_,João_de_Ferro_,Hans_cel_de_fier_,Железный_Ганс_,Demir_Hans_,Hans_sắt_,铁汉斯_,,,,,,
The_three_black_princesses,,De_tre_sorte_prinsesser_,Die_drei_schwarzen_Prinzessinnen_,,Las_tres_princesas_negras_,Kolme_mustaa_prinsessaa_,,A_három_fekete_királykisasszonykárúl_,Le_tre_principesse_nere_,三人の黒いお姫さま_,,De_drie_zwarte_prinsessen_,Trzy_czarne_księżniczki_,As_três_princesas_pretas_,,Три_черные_принцессы_,Raprenses_,Ba_công_chúa_đen_,三位黑公主_,,,,,,
Knoist_and_his_three_sons,,Knoist_og_hans_tre_sønner_,Knoist_und_seine_drei_Söhne_,,Knoist_y_sus_tres_hijos_,Knoist_ja_hänen_kolme_poikaansa_,Knoist_et_ses_trois_fils_,Knóistrúl_meg_az_ő_három_fiárúl_,Knoist_e_i_suoi_tre_figli_,クノイストと三人の息子_,,Knoest_en_zijn_drie_zonen_,Knoist_i_jego_trzej_synowie_,Nicolau_e_seus_três_filhos_,,Кнойст_и_трое_его_сыновей_,Knoist_ile_Üç_Oğlu_,Klaus_và_ba_đứa_con_trai_,克诺伊斯特和他的三个儿子_,,,,,,
The_maid_of_Brakel,,Pigen_fra_Brakel_,Das_Mädchen_von_Brakel_,,La_muchacha_de_Brakel_,Brakelin_tyttö_,La_demoiselle_de_Brakel_,A_Brákelbűl_való_leányka_,La_ragazza_di_Brakel_,ブラーケルの小娘_,,Het_meisje_van_Brakel_,Dziewczyna_z_Brakel_,A_donzela_de_Brakel_,,Девушка_из_Бракеля_,Brakel'li_Kız_,Cô_gái_vùng_Brakel_,,,,,,,
Domestic_servants,,Nabofolkene_,Das_Hausgesinde_,,Los_fámulos_,Kotiväki_,La_maisonnée_,Cselédnépség_,Donnette_,召使たち_,,De_huishouding_,Domowa_czeladka_,As_comadres_,,Домашняя_челядь_,Hizmetçi_Zırvası_,Chuyện_tán_gẫu_,拉家常_,,,,,,
The_lambkin_and_the_little_fish,,Lammet_og_fisken_,Das_Lämmchen_und_Fischchen_,,El_corderillo_y_el_pececillo_,Karitsa_ja_kala_,,Bárányka_és_Halacska_,L'agnellino_e_il_pesciolino_,小羊と小魚_,,Het_lammetje_en_het_visje_,Rybka_i_owieczka_,O_cordeirinho_e_o_peixinho_,,Ягненок_и_рыбка_,Kuzu_ile_Balık_,Cừu_non_và_cá_con_,小羊羔与小鱼儿_,,,,,,
Simeli_mountain,,Sesambjerget_,Simeliberg_,,Monte_Simeli_,Simelivuori_,,Szimelihegy_,Il_monte_Simeli_,ジメリの山_,,Sesam*comma*_open_u_,Sezamowa_góra_,A_montanha_Simeli_,Muntele_Simeli_,Зимели-гора_,Altındağı_,Núi_Simeli_,希默里山_,,,,,,
Going_a-travelling,,På_rejse_,Auf_Reisen_gehen_,,Inconvenientes_de_correr_mundo_,Maailmalle_,Partir_en_voyage_,Az_vándor-útra_való_el-indulásrúl_,Il_giramondo_,旅にでる_,,Op_reis_gaan_,O_wędrowaniu_,O_vagamundo_,,Как_по_белу_свету_скитаться_,Seyahat_Meraklısı_,Thích_đi_chu_du_thiên_hạ_,旅行去_,,,,,,
The_donkey,,Det_lille_æsel_,Das_Eselein_,,El_borriquillo_,Pikku_aasi_,Le_petit_âne_,Szamaracska_,L'asinello_,小さなろば_,,Het_ezeltje_,Osiołek_,O_burrinho_,,Ослик_,Sıpa_,Hoàng_tử_lừa_,小毛驴_,,,,,,
The_ungrateful_son,,Den_utaknemlige_søn_,Der_undankbare_Sohn_,,El_hijo_ingrato_,Kiittämätön_poika_,Le_fils_ingrat_,A_hálátlan_fiú_,Il_figlio_ingrato_,恩知らずの息子_,,De_ondankbare_zoon_,Niewdzięczny_syn_,O_filho_ingrato_,,Неблагодарный_сын_,Nankör_Oğlan_,Người_con_trai_bất_hiếu_,不肖之子_,,,,,,
The_turnip,,Historien_om_en_roe_,Die_Rübe_,,La_zanahoria_,Nauris_,,A_répa_,La_rapa_,かぶ_,,De_raap_,Rzepa_,O_nabo_,,Репа_,Pancar_,Củ_cải_chúa_,萝卜_,,,,,,
The_old_man_made_young_again,,Manden*comma*_der_blev_ung_igen_,Das_junggeglühte_Männlein_,,El_hombrecillo_rejuvenecido_,Nuoreksi_lietsottu_mies_,,A_tűzönifjult_apóka_,Il_fuoco_che_ringiovanisce_,若く焼きなおされた小男_,,De_verjongingskuur_,Staruszek_w_ogniu_odmłodzony_,O_fogo_rejuvenescedor_,,Заново_выкованный_человечек_,Gençleşen_Adamcık_,Nguồn_gốc_loài_khỉ_,返老还童_,,,,,,
The_Lord's_animals_and_the_Devil's,,Vorherres_og_djævelens_dyr_,Des_Herrn_und_des_Teufels_Getier_,,Nuestro_Señor_y_el_ganado_del_diablo_,Jumalan_ja_Paholaisen_eläimet_,Les_créatures_de_Dieu_et_les_bêtes_du_Diable_,Az_Úr_jószága_meg_az_ördögé_,Le_bestie_del_Signore_e_quelle_del_diavolo_,神様の動物と悪魔の動物_,,Het_gedierte_van_de_Heer_en_de_Duivel_,Zwierzęta_Pana_i_diabła_,Os_animais_do_Senhor_e_os_do_Diabo_,,Звери_господни_и_чертовы_звери_,Tanrı_ile_Şeytanın_Hayvanları_,Giống_vật_do_thượng_đế_sinh_ra_và_do_quỷ_sinh_ra_,,,,,,,
The_beam,,Hanebjælken_,Der_Hahnenbalken_,,La_viga_,Kukon_orsi_,,A_kakasgerenda_,La_trave_del_gallo_,梁の木_,,De_hanebalk_,Kogucia_belka_,A_trave_do_galo_,,Петушиное_бревно_,Horoz_Tüneği_,Gà_trống_nhấc_bổng_chiếc_xà_nhà_,公鸡驮木柱_,,,,,,
The_old_beggar-woman,,Den_gamle_tiggerske_,Die_alte_Bettelfrau_,,La_vieja_pordiosera_,Vanha_kerjäläisnainen_,,Az_öreg_koldusanyó_,La_vecchia_mendicante_,乞食のおばあさん_,,De_oude_bedelares_,Stara_żebraczka_,A_velha_mendiga_,,Старая_нищенка_,Yaşlı_Dilenci_,Bà_già_ăn_mày_,,,,,,,
The_three_sluggards,,Den_dovneste_,Die_drei_Faulen_,,Los_tres_haraganes_,Kolme_laiskuria_,Les_trois_fainéants_,A_három_lusta_,I_tre_pigri_,三人の怠け者_,,De_drie_luiaards_,Trzech_leniuchów_,Os_três_preguiçosos_,,Три_лентяя_,Üç_Tembel_Oğlan_,Ba_hoàng_tử_lười_,三个懒汉_,,,,,,
The_twelve_idle_servants,,De_tolv_dovne_karle_,Die_zwölf_faulen_Knechte_,,Los_doce_haraganes_,Kaksitoista_laiskaa_renkiä_,,Tizenkét_lusta_szolga_,I_dodici_fratelli_pigri_,十二人の怠け者の下男_,,De_twaalf_luie_knechts_,Dwunastu_leniwych_parobków_,Os_doze_criados_preguiçosos_,Cei_doisprezece_servitori_lenesi_,Двенадцать_ленивых_работников_,Tembel_Yardımcılar_,Mười_hai_chàng_lười_,十二个懒汉_,,,,,,
The_shepherd_boy,,Den_lille_hyrdedreng_,Das_Hirtenbüblein_,,El_zagalillo_,Paimenpoika_,Le_petit_pâtre_,A_pásztorfiúcska_,Il_pastorello_,牧童_,,Het_herdersjongetje_,Pastuszek_,O_pastorzinho_,,Пастушонок_,Küçük_Çoban_,Chú_bé_mục_đồng_,聪明的小牧童_,,,,,,
The_star-money,,Stjernedalerne_,Die_Sterntaler_,,El_dinero_llovido_del_cielo_,Tähtitaalerit_,Les_ducats_tombés_du_ciel_,A_csillagtallérok_,La_pioggia_di_stelle_,星の銀貨_,,De_sterrendaalders_,Gwiazdy_dukaty_,As_moedas_caídas_do_céu_,Ploaia_de_stele_,Звездные_талеры_,Yıldız_Yağmuru_,Tiền_vàng_rơi_như_sao_sa_,星星银元_,,,,,,
The_stolen_farthings,,Den_stjålne_toøre_,Der_gestohlene_Heller_,,Los_ochavos_robados_,Varastetut_lantit_,,Az_ellopott_krajcár_,Il_centesimo_rubato_,くすねた銅貨_,,De_gestolen_duit_,Skradziony_grosz_,As_moedas_roubadas_,,Утаённый_геллер_,Sadaka_,Những_đồng_Heller_bị_mất_,两枚硬币_,,,,,,
Brides_on_their_trial,,Brudeskuet_,Die_Brautschau_,,Elección_de_novia_,Morsiamenvalinta_,Le_choix_d'une_femme_,A_mátkanéző_,La_scelta_della_sposa_,嫁えらび_,,Bruidskeuze_,Wybór_narzeczonej_,A_escolha_da_noiva_,,Смотрины_,Görücülük_,Kén_nàng_dâu_,挑媳妇_,,,,,,
Odds_and_ends,,Hørskæverne_,Die_Schlickerlinge_,,Una_muchacha_hacendosa_,Rohtimet_,Les_petits_nœuds_,A_csiszladékok_,Gli_scarti_,ぬらぬらの亜麻のかたまり_,,De_afvalrestjes_,Pakuły_,A_desperdiçada_,,Очески_,Çalışkan_Kız_,Đám_sợi_rối_,扔掉的亚麻_,,,,,,
The_sparrow_and_his_four_children,,Spurven_og_dens_fire_unger_,Der_Sperling_und_seine_vier_Kinder_,,El_gorrión_y_sus_cuatro_gurriatos_,Neljä_varpusenpoikaa_,,A_veréb_és_az_ő_négy_fia_,Il_passero_e_i_suoi_quattro_figli_,親すずめと四羽の子すずめ_,,De_mus_en_zijn_vier_kinderen_,Wróbel_i_jego_czworo_dzieci_,O_pardal_e_seus_quatro_filhos_,,Воробей_и_его_четверо_деток_,Serçe_ile_Dört_Yavrusu_,Chim_sẻ_mẹ_và_bốn_con_,老麻雀和它的四个孩子_,,,,,,
The_tale_of_Cockaigne,,Eventyret_om_Slaraffenland_,Das_Märchen_vom_Schlaraffenland_,,El_cuento_de_los_despropósitos_,Satu_Nurinkurilasta_,,Mese_a_lepénylesők_országáról_,La_favola_del_paese_di_Cuccagna_,のらくら国のお話_,,Het_sprookje_van_Luilekkerland_,Bajka_o_krainie_pieczonych_gołąbków_,No_país_do_Arco-da-Velha_,,О_блаженной_стране_небывалой_,Beleş_Ülkenin_Masalı_,Chuyện_cổ_tích_về_xứ_Schlauraffen_,极乐世界里的故事_,,,,,,
The_Ditmarsch_tale_of_wonders,,En_løgnehistorie_fra_Ditmarsken_,Das_Dietmarsische_Lügenmärchen_,,El_cuento_de_las_mentiras_,Valesatu_,,Dietmarscheni_füllentős_,Filastrocca_di_bugie_,ディトマルツェンのほらばなし_,,Het_leugensprookje_uit_Dietmark_,Bajka_Kłamczucha_,Lengalenga_de_mentiras_,,Сказка-небылица_,Yalan_Hikâye_,Chuyện_cổ_tích_tưởng_tượng_ở_miền_Đithmarsen_,迪特马斯的奇谈怪论_,,,,,,
A_riddling_tale,,Eventyrgåde_,Rätselmärchen_,,Un_cuento_enigmático_,Arvoitussatu_,Conte-devinette_,Találós_mese_,Fiaba_indovinello_,なぞなぞ話_,,Raadselsprookje_,Bajka-zagadka_,Adivinhação_,,Сказка-загадка_,Masal_Bilmecesi_,Chuyện_đánh_đố_,谜语童话_,,,,,,
Snow-White_and_Rose-Red,,Snehvid_og_Rosenrød_,Schneeweißchen_und_Rosenrot_,,Blancanieve_y_Rojaflor_,Lumivalko_ja_Ruusunpuna_,Blanche-Rose_et_Rose-Rouge_,Hófehérke_és_Rózsapiros_,Biancaneve_e_Rosarossa_,雪白と薔薇紅_,,Sneeuwwitje_en_Rozerood_,Śnieżka_i_Różyczka_,Branca-de-Neve_e_Rosa-Vermelha_,Nalba_si_Rasura_,Белоснежка_и_Алоцветик_,Karbeyazı_ile_Gülkırmızısı_,Bạch_Tuyết_và_Hoa_Hồng_,白雪与红玫_,,,,,,
The_wise_servant,,Den_kloge_karl_,Der_kluge_Knecht_,,El_listo_Juan_,Viisas_renki_,,Az_okos_szolga_,Il_servo_accorto_,賢い下男_,,De_schrandere_knecht_,Mądry_parobek_,O_criado_esperto_,,Умный_работник_,Akıllı_Seyis_,Người_đầy_tớ_thông_minh_,聪明的小伙计_,,,,,,
The_glass_coffin,,Glaskisten_,Der_gläserne_Sarg_,,El_féretro_de_cristal_,Lasiarkku_,Le_cercueil_de_verre_,Az_üvegkoporsó_,La_bara_di_vetro_,ガラスの棺_,,De_glazen_doodskist_,Szklana_trumna_,O_esquife_de_vidro_,Racla_de_clestar_,Стеклянный_гроб_,Cam_Tabut_,Cỗ_quan_tài_thủy_tinh_,水晶棺材_,,,,,,
Lazy_Harry,,Den_dovne_Henrik_,Der_faule_Heinz_,,Enrique_el_holgazán_,Laiska_Heikki_,,Lusta_Henrik_,Il_pigro_Rico_,ものぐさハインツ_,,Luie_Hein_,O_Jasiu_leniuchu_,Henrique*comma*_o_preguiçoso_,,Ленивый_Гейнц_,Tembel_Heinz_,Chàng_Heinz_lười_biếng_,懒鬼哈利和胖婆特琳娜_,,,,,,
The_griffin,,Den_fugl_Grif_,Der_Vogel_Greif_,,El_Grifo_,Aarnikotka_,L'oiseau_griffon_,A_griffmadár_,L'uccello_grifone_,怪鳥グライフ_,,Vogel_Grijp_,Bajka_o_gryfie_,O_Grifo_,Pasarea_Greif_,Гриф-птица_,Yırtıcı_Kuş_,Chim_ưng_thần_,怪鸟格莱弗_,,,,,,
Strong_Hans,,Den_stærke_Hans_,Der_starke_Hans_,,El_fornido_Juan_,Väkevä_Hannu_,,Erős_Jankó_,Il_forte_Hans_,強力ハンス_,,Sterke_Hans_,Silny_Hans_,João_o_destemido_,Hans_cel_voinic_,Могучий_Ганс_,Güçlü_Hans_,Hans_lực_lưỡng_cường_tráng_,壮士汉斯_,,,,,,
The_peasant_in_heaven,,Bonden_i_himlen_,Das_Bürle_im_Himmel_,,El_pobre_campesino*comma*_en_el_cielo_,Talonpoika_taivaassa_,Le_petit_paysan_au_Ciel_,A_pógár_a_mennyben_,Il_contadinello_in_paradiso_,天国へ行った水呑百姓_,,Het_boertje_in_de_hemel_,Biedny_chłopina_w_niebie_,O_camponesinho_no_Céu_,,Мужичок_на_небе_,Cennetteki_Köylü_Kızı_,Bác_nông_dân_nghèo_lên_trời_,天堂里的农夫_,,,,,,
Lean_Lisa,,Den_magre_Lise_,Die_hagere_Liese_,,Elisa*comma*_la_flaca_,Laiha_Liisa_,,Ösztövér_bözsi_,La_magra_Lisa_,やせたリーゼ_,,Magere_Liesje_,Chuda_Eliza_,A_magra_Elisa_,,Тощая_Лиза_,Sıska_Liese_,Mụ_Liese_gầy_nhom_,瘦莉莎_,,,,,,
The_hut_in_the_forest,,Huset_i_skoven_,Das_Waldhaus_,,La_casa_del_bosque_,Metsämökki_,,Az_erdei_ház_,La_casa_nel_bosco_,森の家_,,Het_boshuis_,Domek_leśny_,A_casa_na_floresta_,Căsuţa_din_pădure_,Лесная_избушка_,Orman_Evi_,Ngôi_nhà_trong_rừng_,林中小屋_,,,,,,
Sharing_joy_and_sorrow,,At_dele_ondt_og_godt_,Lieb_und_Leid_teilen_,,Hay_que_compartir_las_penas_y_las_alegrías_,Myötä-_ja_vastoinkäymisissä_,,Jóban-rosszban_osztozni_,Come_dividere_gioie_e_dolori_,苦楽をわかつ_,,Lief_en_leed_samen_delen_,Dzielić_dobrą_i_złą_dolę_,Como_se_repartem_alegrias_e_sofrimentos_,,Любовь_и_горе_поровну_,Aşkı_ve_Acıyı_Paylaşmak_,Chia_vui_sẻ_buồn_,,,,,,,
The_willow-wren,,Gærdesmutten_,Der_Zaunkönig_,,El_reyezuelo_,Peukaloinen_,Le_roitelet_,A_királyka_,Il_re_di_macchia_,みそさざい_,,Het_winterkoninkje_,Mysikrólik_,A_carriça_,,Королек_,Çalıkuşu_,Chim_hồng_tước_và_con_cú_,篱笆国王_,,,,,,
The_sole,,Flynderen_,Die_Scholle_,,La_platija_,Kampela_,,A_nyelvhal_,La_sogliola_,かれい_,,De_schol_,Gładzica_,A_solha_,,Камбала-рыба_,Dilbalığı_,Sự_tích_con_cá_thờn_bơn_,,,,,,,
The_bittern_and_the_hoopoe,,Rørdrummen_og_hærfuglen_,Rohrdommel_und_Wiedehopf_,,El_alcaraván_y_la_abubilla_,Kaulushaikara_ja_harjalintu_,,Bölömbika_és_Búbos_banka_,Il_trombotto_e_l'upupa_,「さんかのごい」と「やつがしら」_,,Roerdomp_en_hop_,Bąk_i_dudek_,A_pega_e_o_alcaravão_,,Выпь_и_удод_,Balıkçıl_ile_İbibik_,Con_chim_vạc_và_chim_rẻ_quạt_,鸬鹚和戴胜_,,,,,,
The_owl,,Uglen_,Die_Eule_,,El_búho_,Pöllö_,La_chouette_,A_bagoly_,Il_gufo_,ふくろう_,,De_uil_,Sowa_,O_mocho_,,Сова_,Baykuş_,Con_cú_,猫头鹰_,,,,,,
The_moon,,Månen_,Der_Mond_,,La_luna_,Kuu_,La_lune_,A_hold_,La_luna_,月_,,De_maan_,Księżyc_,A_lua_,,Луна_,Ay_,Sự_tích_mặt_trăng_,,,,,,,
The_duration_of_life,,Levetiden_,Die_Lebenszeit_,,La_duración_de_la_vida_,Elinikä_,Le_temps_de_la_vie_,Az_élet_határa_,Il_termine_della_vita_,寿命_,,De_duur_van_het_leven_,Czas_żywota_,O_termo_da_vida_,,Срок_жизни_,Yaşam_Süresi_,Tuổi_thọ_,寿命_,,,,,,
Death's_messengers,,Dødens_sendebud_,Die_Boten_des_Todes_,,Los_mensajeros_de_la_muerte_,Kuoleman_sanansaattajat_,,A_halál_hírnökei_,I_messaggeri_della_morte_,死神の使いたち_,,De_boden_van_de_dood_,Posłańcy_śmierci_,Os_mensageiros_da_morte_,,Посланцы_смерти_,Ölüm_Elçileri_,Sứ_giả_thần_chết_,,,,,,,
Master_Pfriem_(Master_Cobbler's_Awl),,Mester_Syl_,Meister_Pfriem_,,Cascarrabias_,Mestari_Naskali_,Maître_Poinçon_,Dikics_mester_,Mastro_Punteruolo_,プフリーム親方_,,Meester_Priem_,Majster_Ćwiek_,Nariz-de-Palmo-e-Meio_,,Мастер_Пфрим_,Pfriem_Usta_,Bác_thợ_cả_Pfriem_,鞋匠师傅_,,,,,,
The_goose-girl_at_the_well,,Gåsevogtersken_ved_brønden_,Die_Gänsehirtin_am_Brunnen_,,La_pastora_de_ocas_en_la_fuente_,Hanhipiika_lähteellä_,La_gardeuse_d'oies_à_la_fontaine_,A_libapásztorlány_a_kútnál_,La_guardiana_delle_oche_alla_fonte_,泉のそばのがちょう番の女_,,De_ganzenhoedster_aan_de_bron_,Gęsiareczka_w_studni_,A_guardadora_de_gansos_no_regato_,Păzitoarea_de_gâşte_,Гусятница_у_колодца_,Kuyu_Başındaki_Kız_,Cô_gái_chăn_ngỗng_bên_suối_,井边的牧鹅女_,,,,,,
Eve's_various_children,,Evas_børn_,Die_ungleichen_Kinder_Evas_,,Los_desiguales_hijos_de_Eva_,Eevan_kahdenlaiset_lapset_,,Éva_más-másrendű_gyermekei_,I_figli_di_Eva*comma*_uno_diverso_dall'altro_,エバのふぞろいの子どもたち_,,Eva's_ongelijke_kinderen_,Niejednakie_dzieci_Ewy_,Os_filhos_de_Eva_,,Неравные_дети_Евы_,Havva'nın_Farklı_Çocukları_,Mỗi_người_một_nghề_,,,,,,,
The_nix_of_the_mill-pond,,Havfruen_i_dammen_,Die_Nixe_im_Teich_,,La_ondina_del_estanque_,Vedenneito_,L'ondine_de_l'étan_,A_tó_tündére_,L'ondina_della_pescaia_,池にすむ水の妖精_,,De_waternimf_in_de_vijver_,Boginka_w_stawie_,A_ondina_do_lago_,,Русалка_в_пруду_,Su_Perisi_,Con_nam_ở_ao_,池中水妖_,,,,,,
The_little_folks'_presents,,Alfernes_gave_,Die_Geschenke_des_kleinen_Volkes_,,Los_regalos_de_los_gnomos_,Maahisten_lahjat_,Les_présents_des_gnomes_,A_picinyek_ajándéka_,I_doni_del_popolo_piccino_,小人の使い_,,De_geschenken_van_het_kleine_volkje_,Dary_małego_ludku_,Os_presentes_do_povo_pequenino_,Darurile_piticilor_,Дары_маленького_народца_,Cücelerin_Armağanı_,Món_quà_của_những_người_tí_hon_,小人儿的礼物_,,,,,,
The_giant_and_the_tailor,,Kæmpen_og_skrædderen_,Der_Riese_und_der_Schneider_,,El_gigante_y_el_sastre_,Jättiläinen_ja_räätäli_,,A_szabó_és_az_óriás_,Il_gigante_e_il_sarto_,大男と仕立屋_,,De_reus_en_de_kleermaker_,Olbrzym_i_krawczyk_,O_gigante_e_o_alfaiate_,,Великан_и_портной_,Dev_ve_Terzi_,Gã_khổng_lồ_và_người_thợ_may_,巨人和裁缝_,,,,,,
The_nail,,Sømmet_,Der_Nagel_,,El_clavo_,Naula_,Le_clou_,A_patkószeg_,Il_chiodo_,釘_,,De_hoefnagel_,Gwóźdź_,O_prego_,,Гвоздь_,Çivi_,Cái_Đinh_,钉子_,,,,,,
The_poor_boy_in_the_grave,,,Der_arme_Junge_im_Grab_,,El_pobre_niño_en_la_tumba_,Paimenpoika_haudassa_,,A_szegény_fiú_sírja_,Il_povero_ragazzo_nella_fossa_,墓へはいった哀れな小僧_,,De_arme_jongen_in_het_graf_,Biedny_chłopiec_w_grobie_,O_pobre_rapaz_na_sepultura_,,Бедный_пастух_в_могиле_,Mezardaki_Oğlan_,,坟中的穷少年_,,,,,,
The_true_bride,,,Die_wahre_Braut_,,La_novia_verdadera_,Oikea_morsian_,,Az_igazi_menyasszony_,La_vera_sposa_,本当の花嫁_,,De_ware_bruid_,Prawdziwa_Narzeczona_,A_verdadeira_noiva_,Mireasa_cea_adevarata_,Настоящая_невеста_,Gerçek_Gelin_,Cô_dâu_đích_thực_,真新娘_,,,,,,
The_hare_and_the_hedgehog,,,Der_Hase_und_der_Igel_,,El_erizo_y_el_esposo_de_la_liebre_,Jänis_ja_siili_,Le_lièvre_et_le_hérisson_,A_nyúl_meg_a_sün_,La_lepre_e_il_porcospino_,兎とはりねずみ_,,De_haas_en_de_egel_,Jeż_i_zając_,A_lebre_e_o_ouriço_,Iepurele_si_ariciul_,Заяц_и_еж_,Tavşan_ile_Kirpi_,Thỏ_và_nhím_,野兔和刺猬_,,,,,,
The_spindle*comma*_the_shuttle*comma*_and_the_needle,,,Spindel*comma*_Weberschiffchen_und_Nadel_,,El_huso*comma*_la_lanzadera_y_la_aguja_,Värttinä*comma*_sukkula_ja_neula_,Le_fuseau*comma*_la_navette_et_l'aiguille_,Az_orsó*comma*_a_vetélő_meg_a_tű_,Il_fuso*comma*_la_spola_e_l'ago_,つむとひとぬいばり_,,Het_klosje*comma*_de_schietspoel_en_de_naald_,Wrzeciono*comma*_czółenko_i_igła_,O_fuso*comma*_a_lançadeira_e_a_agulha_,Fusul*comma*_suveica_si_acul_,Веретенце*comma*_челнок_и_иголка_,Kirmen*comma*_Mekik_ve_İğne_,Suốt*comma*_thoi_và_kim_,纺锤、梭子和针_,,,,,,
The_peasant_and_the_devil,,,Der_Bauer_und_der_Teufel_,,El_labrador_y_el_diablo_,Talonpoika_ja_piru_,Le_paysan_et_le_diable_,A_paraszt_meg_az_ördög_,Il_contadino_e_il_diavolo_,百姓と悪魔_,,De_boer_en_de_duivel_,Chłop_i_Diabeł_,O_camponês_e_o_diabo_,Taranul_şi_Diavolul_,Мужичок_и_черт_,Köylü_ile_Şeytan_,Bác_nông_dân_và_con_quỷ_,农夫与魔鬼_,,,,,,
The_crumbs_on_the_table,,,Die_Brosamen_auf_dem_Tisch_,,Las_migajas_en_la_mesa_,Leivänmurut_pöydällä_,Les_miettes_de_pain_sur_la_table_,Morzsák_az_asztalról_,Le_briciole_sulla_tavola_,机の上のパンくず_,,De_broodkruimels_op_tafel_,Okruchy_ze_stołu_,As_migalhas_sobre_a_mesa_,,Хлебные_крошки_на_столе_,Masadaki_Ekmek_Kırıntıları_,Vụn_bánh_trên_bàn_,桌上的面包屑_,,,,,,
The_sea-hare,,,Das_Meerhäschen_,,El_lebrato_marino_,Kaniini_,,A_tengerimalac_,Il_leprotto_marino_,あめふらし_,,Het_zeehaasje_,Świnka_morska_,O_ouriço_do_mar_,,Морская_рыбка_,Deniz_Tavşanı_,Con_thỏ_biển_tí_hon_,小海兔的故事_,,,,,,
The_master-thief,,,Der_Meisterdieb_,,El_rey_de_los_ladrones_,Mestarivaras_,Le_maître-voleur_,A_tolvajmester_,Il_ladro_maestro_,どろぼうの名人_,,De_meesterdief_,Złodziejski_Majster_,O_ladrão_mestre_,,Ловкий_вор_,Usta_Hırsız_,Vua_trộm_,,,,,,,
The_drummer,,,Der_Trommler_,,El_tambor_,Rumpali_,,A_doboslegény_,Il_tamburino_,太鼓たたき_,,De_trommelaar_,Dobosz_,Tamborzinho_,,Барабанщик_,Davulcu_,Anh_chàng_đánh_trống_,鼓手_,,,,,,
The_ear_of_corn,,,Die_Kornähre_,,La_espiga_de_trigo_,Viljantähkä_,,A_kalász_,La_spiga_,麦の穂_,,De_korenaar_,Kłos_żyta_,A_espiga_de_trigo_,,Хлебный_колос_,Başak_,Bông_lúa_,麦穗的故事_,,,,,,
The_grave-mound,,,Der_Grabhügel_,,La_tumba_,Hautakumpu_,La_tombe_,A_sírhalom_,Il_tumulo_,土まんじゅう_,,De_grafheuvel_,Grobowa_Górka_,Os_guardas_da_sepultura_,,Могильный_холм_,Mezar_Başında_,Ngôi_mộ_,,,,,,,
Old_Rinkrank,,,Oll_Rinkrank_,,El_viejo_Rinkrank_,Vanha_Rinkrank_,,Vén_Ringyrongy_,Il_vecchio_Rink_Rank_,リンクランクじいさん_,,De_oude_Rinkrank_,Stary_Rinkrank_,O_velho_Rink_Rank_,,Старый_Ринкранк_,Moruk_,Ông_già_Rinkrank_,老汉伦克朗_,,,,,,
The_crystal_ball,,,Die_Kristallkugel_,,La_bola_de_cristal_,Kristallipallo_,,A_kristálygömb_,La_palla_di_cristallo_,水晶玉_,,De_kristallen_bol_,Kryształowa_kula_,A_bola_de_cristal_,,Хрустальный_шар_,Kristal_Küre_,Quả_cầu_pha_lê_,水晶球_,,,,,,
Maid_Maleen,,,Jungfrau_Maleen_,,La_doncella_Maleen_,Maleena-neito_,Demoiselle_Méline_,Mandaléna_kisasszony_,La_vergine_Malvina_,マレーン姫_,,Jonkvrouw_Maleen_,Dziewica_Malena_,A_donzela_Malvina_,,Дева_Малейн_,Bakire_Maleen_,Nàng_Maleen_,少女玛琳_,,,,,,
The_boots_of_buffalo-leather,,,Die_Stiefel_von_Büffelleder_,,La_bota_de_piel_de_búfalo_,Puhvelinnahka_saappaat_,Les_bottes_en_cuir_de_buffle_,A_bivalybőr_csizma_,Gli_stivali_di_bufalo_,水牛の革の長靴_,,De_laars_van_buffelleer_,But_z_bawolej_skóry_,As_botas_de_búfalo_,,Сапог_из_буйволовой_кожи_,Çizmeli_Kardeş_,Đôi_ủng_da_trâu_,牛皮靴_,,,,,,
The_golden_key,,,Der_goldene_Schlüssel_,,La_llave_de_oro_,Kultainen_avain_,,Az_aranykulcs_,La_chiave_d'oro_,金の鍵_,황금_열쇠_,De_gouden_sleutel_,Złoty_kluczyk_,A_chave_de_ouro_,,Золотой_ключик_,Altın_Anahtar_,Chiếc_chìa_khóa_vàng_,金钥匙_,,,,,,
The_tinder-box,,Fyrtøjet_,Das_Feuerzeug_,,El_yesquero_,,Le_briquet_,,L'acciarino_,,,,,,,,,,,,,,,,
Little_Claus_and_big_Claus,,Lille_Claus_og_store_Claus_,Der_kleine_Klaus_und_der_große_Klaus_,,Colás_el_Chico_y_Colás_el_Grande_,,Grand_Claus_et_petit_Claus_,,Il_piccolo_Claus_e_il_grande_Claus_,,,,,,,,,,,,,,,,
The_princess_and_the_pea,,Prinsessen_på_ærten_,Die_Prinzessin_auf_der_Erbse_,,La_princesa_del_guisante_,,La_princesse_au_petit_pois_,,La_principessa_sul_pisello_,,,,,,,,,,,,,,,,
Little_Ida's_flowers,,Den_lille_Idas_blomster_,Die_Blumen_der_kleinen_Ida_,,Las_flores_de_la_pequeña_Ida_,,Les_fleurs_de_la_petite_Ida_,,I_fiori_della_piccola_Ida_,,,,,,,,,,,,,,,,
Thumbelina,,Tommelise_,Däumelinchen_,,Pulgarcita_,,La_Petite_Poucette_,,Mignolina_,,,,,,,,,,,,,,,,
The_naughty_boy,,Den_uartige_dreng_,Der_unartige_Knabe_,,El_niño_travieso_,,,,Il_bambino_cattivo_,,,,,,,,,,,,,,,,
The_travelling_companion,,Rejsekammeraten_,Der_Reisekamerad_,,El_compañero_de_viaje_,,Le_compagnon_de_route_,,Il_compagno_di_viaggio_,,,,,,,,,,,,,,,,
The_little_mermaid,,Den_lille_havfrue_,Die_kleine_Seejungfer_,,La_sirenita_,,La_petite_sirène_,,La_sirenetta_,,,,,,,,,,,,,,,,
The_emperor's_new_suit,,Kejserens_nye_klæder_,Des_Kaisers_neue_Kleider_,,Los_vestidos_nuevos_del_emperador_,,Les_habits_neufs_de_l'empereur_,,I_vestiti_nuovi_dell'imperatore_,,,,,,,,,,,,,,,,
The_goloshes_of_fortune,,Lykkens_galocher_,Die_Galoschen_des_Glücks_,,Los_chanclos_de_la_suerte_,,,,,,,,,,,,,,,,,,,,
The_daisy,,Gåseurten_,Das_Gänseblumchen_,,La_margarita_,,La_pâquerette_,,La_margheritina_,,,,,,,,,,,,,,,,
The_brave_tin_soldier,,Den_standhaftige_tinsoldat_,Der_standhafte_Zinnsoldat_,,El_intrépido_soldadito_de_plomo_,,Le_stoïque_soldat_de_plomb_,,Il_tenace_soldatino_di_stagno_,,,,,,,,,,,,,,,,
The_wild_swans,,De_vilde_svaner_,Die_wilden_Schwäne_,,Los_cisnes_salvajes_,,Les_cygnes_sauvages_,,I_cigni_selvatici_,,,,,,,,,,,,,,,,
The_elf_of_the_rose,,Rosenalfen_,Der_Rosenelf_,,El_elfo_del_rosal_,,,,,,,,,,,,,,,,,,,,
The_garden_of_paradise,,Paradisets_have_,Der_Garten_des_Paradieses_,,El_Jardín_del_Paraíso_,,Le_jardin_du_paradis_,,,,,,,,,,,,,,,,,,
The_flying_trunk,,Den_flyvende_kuffert_,Der_fliegende_Koffer_,,El_cofre_volador_,,La_malle_volante_,,Il_baule_volante_,,,,,,,,,,,,,,,,
The_storks,,Storkene_,Die_Störche_,,Las_cigüeñas_,,,,,,,,,,,,,,,,,,,,
The_wicked_prince,,Den_onde_fyrste_,Der_böse_Fürst_,,El_principe_malvado_,,,,Il_principe_cattivo_Leggenda_,,,,,,,,,,,,,,,,
Ole-Luk-Oie*comma*_the_Dream-God,,Ole_Lukøje_,Ole_Luk-Oie_,,Pegaojos_,,Une_semaine_du_petit_elfe_Ferme-l'œil_,,,,,,,,,,,,,,,,,,
The_swineherd,,Svinedrengen_,Der_Schweinehirt_,,El_porquerizo_,,La_princesse_et_le_porcher_,,Il_guardiano_dei_porci_,,,,,,,,,,,,,,,,
The_buckwheat,,Boghveden_,Der_Buchweizen_,,El_alforfón_,,,,Il_grano_saraceno_,,,,,,,,,,,,,,,,
The_angel,,Englen_,Der_Engel_,,El_ángel_,,L'ange_,,L'angelo_,,,,,,,,,,,,,,,,
The_Nightingale,,Nattergalen_,Des_Kaisers_Nachtigall_,,El_ruiseñor_,,Le_Rossignol_et_l'Empereur_de_Chine_,,L'usignolo_,,,,,,,,,,,,,,,,
The_sweathearts_(Top_and_Ball),,Kærestefolkene_,Das_Liebespaar_,,La_pareja_de_enamorados_,,,,,,,,,,,,,,,,,,,,
The_ugly_duckling,,Den_grimme_ælling_,Das_häßliche_junge_Entlein_,,El_patito_feo_,,Le_vilain_petit_canard_,,Il_brutto_anatroccolo_,,,,,,,,,,,,,,,,
The_fir_tree,,Grantræet_,Der_Tannenbaum_,,El_abeto_,,Le_sapin_,,,,,,,,,,,,,,,,,,
The_snow_queen,,Snedronningen_,Die_Schneekönigin_,,La_Reina_de_las_Nieves_,,La_reine_des_neiges_,,La_regina_della_neve_,,,,,,,,,,,,,,,,
The_elderbush,,Hyldemor_,Fliedermütterchen_,,El_hada_del_saúco_,,La_fée_du_sureau_,,,,,,,,,,,,,,,,,,
The_elfin_hill,,Elverhøj_,Elfenhügel_,,El_cerro_de_los_elfos_,,,,,,,,,,,,,,,,,,,,
The_red_shoes,,De_røde_sko_,Die_roten_Schuhe_,,Los_zapatos_rojos_,,Les_souliers_rouges_,,Le_scarpette_rosse_,,,,,,,,,,,,,,,,
The_jumper,,Springfyrene_,Die_Springer_,,Los_campeones_de_salto_,,Le_concours_de_saut_,,Gente_balzana_,,,,,,,,,,,,,,,,
The_shepherdess_and_the_sweep,,Hyrdinden_og_skorstensfejeren_,Die_Hirtin_und_der_Schornsteinfeger_,,La_pastora_y_el_deshollinador_,,La_bergère_et_le_ramoneur_,,La_pastorella_e_lo_spazzacamino_,,,,,,,,,,,,,,,,
Holger_Danske,,Holger_Danske_,Holger_Danske_,,Holger_el_danés_,,,,,,,,,,,,,,,,,,,,
The_bell,,Klokken_,Die_Glocke_,,La_campana_,,La_cloche_,,La_campana_,,,,,,,,,,,,,,,,
Grandmother,,Bedstemoder_,Großmütterchen_,,,,,,,,,,,,,,,,,,,,,,
The_darning-needle,,Stoppenålen_,Die_Stopfnadel_,,La_aguja_de_zurcir_,,L'aiguille_à_repriser_,,L'ago_da_rammendo_,,,,,,,,,,,,,,,,
The_little_match-seller,,Den_lille_pige_med_svovlstikkerne_,Das_kleine_Mädchen_mit_den_Schwefelhölzern_,,La_niña_de_los_fósforos_,,La_petite_fille_aux_allumettes_,,La_bambina_dei_fiammiferi_,,,,,,,,,,,,,,,,
By_the_almshouse_window,,Fra_et_vindue_i_Vartov_,Von_einem_Fenster_im_Vartou_,,,,,,,,,,,,,,,,,,,,,,
A_picture_from_the_ramparts,,Et_billede_fra_kastelsvolden_,Ein_Bild_vom_Kastellwall_,,Visión_del_baluarte_,,,,,,,,,,,,,,,,,,,,
The_old_street_lamp,,Den_gamle_gadelygte_,Die_alte_Straßenlaterne_,,El_viejo_farol_,,Le_vieux_réverbère_,,,,,,,,,,,,,,,,,,
The_neighbouring_families,,Nabofamilierne_,Die_Nachbarfamilien_,,Los_vecinos_,,Les_voisins_,,,,,,,,,,,,,,,,,,
Little_Tuk,,Lille_Tuk_,Der_kleine_Tuk_,,,,,,,,,,,,,,,,,,,,,,
The_shadow,,Skyggen_,Der_Schatten_,,La_sombra_,,L'ombre_,,,,,,,,,,,,,,,,,,
The_old_house,,Det_gamle_hus_,Das_alte_Haus_,,La_casa_vieja_,,La_vieille_maison_,,,,,,,,,,,,,,,,,,
The_drop_of_water,,Vanddråben_,Der_Wassertropfen_,,La_gota_de_agua_,,,,,,,,,,,,,,,,,,,,
The_happy_family,,Den_lykkelige_Familie_,Die_glückliche_Familie_,,La_familia_feliz_,,L'heureuse_famille_,,La_famiglia_felice_,,,,,,,,,,,,,,,,
The_story_of_a_mother,,Historien_om_en_moder_,Die_Geschichte_von_einer_Mutter_,,Historia_de_una_madre_,,,,,,,,,,,,,,,,,,,,
The_shirt-collar,,Flipperne_,Der_Halskragen_,,El_cuello_de_camisa_,,Les_amours_d'un_faux-col_,,Il_solino_,,,,,,,,,,,,,,,,
The_flax,,Hørren_,Der_Flachs_,,El_lino_,,Le_chanvre_,,Il_lino_,,,,,,,,,,,,,,,,
The_Phoenix_bird,,Fugl_Føniks_,Vogel_Phönix_,,El_Ave_Fénix_,,,,,,,,,,,,,,,,,,,,
There_is_a_difference,,"""Der_er_forskel""_",Ein_Unterschied_ist_da_,,Tiene_que_haber_diferencias_,,,,,,,,,,,,,,,,,,,,
The_loveliest_rose_in_the_world,,Verdens_dejligste_rose_,Die_schönste_Rose_der_Welt_,,La_rosa_más_bella_del_mundo_,,,,,,,,,,,,,,,,,,,,
In_a_thousand_years,,Om_årtusinder_,Nach_Jahrtausenden_,,Dentro_de_mil_años_,,,,,,,,,,,,,,,,,,,,
The_swan's_nest,,Svanereden_,Das_Schwanennest_,,El_nido_de_cisnes_,,,,,,,,,,,,,,,,,,,,
The_old_grave-stone,,Den_gamle_gravsten_,Der_alte_Grabstein_,,,,,,,,,,,,,,,,,,,,,,
The_story_of_the_year,,Årets_historie_,Die_Geschichte_des_Jahres_,,La_historia_del_año_,,,,,,,,,,,,,,,,,,,,
On_judgment_day,,På_den_yderste_dag_,Der_letzte_Tag_,,El_último_día_,,,,,,,,,,,,,,,,,,,,
There_is_no_doubt_about_it,,Det_er_ganske_vist!_,Das_ist_wirklich_wahr_,,Es_la_pura_verdad_,,,,E_proprio_vero!_,,,,,,,,,,,,,,,,
A_cheerful_temper,,Et_godt_humør_,Gute_Laune_,,Buen_humor_,,,,,,,,,,,,,,,,,,,,
Heartache,,Hjertesorg_,Herzeleid_,,Un_disgusto_,,,,,,,,,,,,,,,,,,,,
Everything_in_its_proper_place,,"""Alt_på_sin_rette_plads!""_",Alles_am_rechten_Platz_,,Cada_cosa_en_su_sitio_,,Chacun_et_chaque_chose_à_sa_place_,,Ogni_cosa_al_suo_posto_,,,,,,,,,,,,,,,,
The_goblin_and_the_huckster,,Nissen_hos_spækhøkeren_,Das_Heinzelmännchen_bei_dem_Krämer_,,El_duende_de_la_tienda_,,,,Il_folletto_del_droghiere_,,,,,,,,,,,,,,,,
Under_the_willow_tree,,Under_piletræet_,Unter_dem_Weidenbaum_,,,,,,,,,,,,,,,,,,,,,,
Five_peas_from_a_pod,,Fem_fra_en_ærtebælg_,Fünf_aus_einer_Hülse_,,Cinco_en_una_vaina_,,Cinq_dans_une_cosse_de_pois_,,,,,,,,,,,,,,,,,,
She_was_good_for_nothing,,"""Hun_duede_ikke""_",Sie_taugte_nichts_,,¡No_era_buena_para_nada!_,,,,,,,,,,,,,,,,,,,,
Two_maidens,,To_jomfruer_,Zwei_Jungfern_,,,,,,,,,,,,,,,,,,,,,,
The_last_pearl,,Den_sidste_perle_,Die_letzte_Perle_,,,,,,,,,,,,,,,,,,,,,,
At_the_uttermost_parts_of_the_sea,,Ved_det_yderste_hav_,Am_äußersten_Meer_,,,,,,,,,,,,,,,,,,,,,,
The_moneybox,,Pengegrisen_,Die_Sparbüchse_,,La_hucha_,,La_tirelire_,,Il_porcellino_salvadanaio_,,,,,,,,,,,,,,,,
A_leaf_from_heaven,,Et_blad_fra_Himmelen_,Ein_Blatt_vom_Himmel_,,Una_hoja_del_cielo_,,,,,,,,,,,,,,,,,,,,
Clumsy_Hans,,Klods-Hans_,Tölpel-Hans_,,Juan_el_bobo_,,Hans_le_balourd_,,Gianbabbeo_,,,,,,,,,,,,,,,,
Ib_and_little_Christina,,Ib_og_lille_Christine_,Ib_und_die_kleine_Christine_,,Ib_y_Cristinita_,,,,,,,,,,,,,,,,,,,,
The_thorny_road_of_honor,,"""Ærens_tornevej""_",Der_Ehre_Dornenpfad_,,,,,,,,,,,,,,,,,,,,,,
The_Jewish_girl,,Jødepigen_,Das_Judenmädchen_,,,,,,,,,,,,,,,,,,,,,,
A_string_of_pearls,,Et_stykke_perlesnor_,Ein_Stück_Perlenschnur_,,Un_tramo_de_la_sarta_de_perlas_,,,,,,,,,,,,,,,,,,,,
The_bell_deep,,Klokkedybet_,Die_Glockentiefe_,,,,,,,,,,,,,,,,,,,,,,
The_bottle_neck,,Flaskehalsen_,Der_Flaschenhals_,,El_gollete_de_botella_,,Le_goulot_de_la_bouteille_,,,,,,,,,,,,,,,,,,
Soup_from_a_sausage_skewer,,Suppe_på_en_pølsepind_,Suppe_von_einem_Wurstspeiler_,,Sopa_de_palillo_de_morcilla_,,La_soupe_à_la_brochette_,,,,,,,,,,,,,,,,,,
The_old_bachelor's_nightcap,,Pebersvendens_nathue_,Des_Junggesellen_Nachtmütze_,,,,,,,,,,,,,,,,,,,,,,
"""Something""",,"""Noget""_",Etwas_,,Algo_,,Quelque_chose_,,,,,,,,,,,,,,,,,,
The_last_dream_of_the_old_oak,,Det_gamle_egetræs_sidste_drøm_,Der_Traum_der_alten_Eiche_,,El_último_sueño_del_viejo_roble_,,Le_dernier_rêve_du_chêne_,,L'ultimo_sogno_della_vecchia_quercia_,,,,,,,,,,,,,,,,
The_A-B-C_book,,ABC-Bogen_,Das_ABC_Buch_,,,,,,,,,,,,,,,,,,,,,,
The_marsh_king's_daughter,,Dyndkongens_datter_,Moorkönigs_Tochter_,,,,,,,,,,,,,,,,,,,,,,
The_races,,Hurtigløberne_,Die_Schnellläufer_,,Los_corredores_,,Les_coureurs_,,,,,,,,,,,,,,,,,,
The_stone_of_the_wise_man,,De_vises_sten_,Der_Stein_der_Weisen_,,,,,,,,,,,,,,,,,,,,,,
The_wind_tells_about_Valdemar_Daae_and_his_daughters,,Vinden_fortæller_om_Valdemar_Dåe_og_hans_døtre_,Der_Wind_erzählt_von_Waldemar_Daa_und_seinen_Töchtern_,,,,,,,,,,,,,,,,,,,,,,
The_girl_who_trod_on_the_loaf,,Pigen*comma*_som_trådte_på_brødet_,Das_Mädchen*comma*_das_auf_das_Brot_trat_,,La_niña_que_pisoteó_el_pan_,,,,La_fanciulla_che_calpestò_il_pane_,,,,,,,,,,,,,,,,
Ole_the_tower-keeper,,Tårnvægteren_Ole_,Turmwächter_Ole_,,,,,,,,,,,,,,,,,,,,,,
Anne_Lisbeth,,Anne_Lisbeth_,Anne_Lisbeth_,,,,,,,,,,,,,,,,,,,,,,
Children's_prattle,,,Kinderschnack_,,Chácharas_de_niños_,,,,,,,,,,,,,,,,,,,,
The_child_in_the_grave,,,Das_Kind_im_Grabe_,,,,,,,,,,,,,,,,,,,,,,
Pen_and_inkstand,,,Feder_und_Tintenfaß_,,Pluma_y_tintero_,,La_plume_et_l'encrier_,,,,,,,,,,,,,,,,,,
The_farm-yard_cock_and_the_weather-cock,,Gårdhanen_og_vejrhanen_,Hofhahn_und_Wetterhahn_,,El_gallo_de_corral_y_la_veleta_,,Le_coq_de_poulailler_et_le_coq_de_girouette_,,,,,,,,,,,,,,,,,,
"""Beautiful""",,,Wunderschön_,,¡Qué_hermosa!_,,,,,,,,,,,,,,,,,,,,
A_story_from_the_sand_dunes,,,Eine_Geschichte_aus_den_Sanddünen_,,,,,,,,,,,,,,,,,,,,,,
Two_brothers,,To_brødre_,Zwei_Brüder_,,Dos_hermanos_,,,,,,,,,,,,,,,,,,,,
Moving_day,,,Der_Umziehtag_,,,,,,,,,,,,,,,,,,,,,,
The_butterfly,,Sommerfuglen_,Der_Schmetterling_,,La_mariposa_,,Le_papillon_,,,,,,,,,,,,,,,,,,
The_bishop_of_BÃ¶rglum_and_his_men,,,Der_Bischof_von_Börglum_und_seine_Sippe_,,,,,,,,,,,,,,,,,,,,,,
Twelve_by_the_mail,,Tolv_med_posten_,Zwölf_mit_der_Post_,,,,,,,,,,,,,,,,,,,,,,
The_beetle,,Skarnbassen_,Der_Mistkäfer_,,El_escarabajo_,,,,,,,,,,,,,,,,,,,,
What_the_old_man_does_is_always_right,,Hvad_fatter_gør*comma*_det_er_altid_det_rigtige_,Wie's_der_Alte_macht*comma*_ist's_immer_richtig_,,Lo_que_hace_el_padre_bien_hecho_está_,,Ce_que_le_Père_fait_est_bien_fait_,,Quel_che_fa_il_babbo_è_sempre_giusto_,,,,,,,,,,,,,,,,
The_snowman,,Sneemanden_,Der_Schneemann_,,El_hombre_de_nieve_,,Le_bonhomme_de_neige_,,L'uomo_di_neve_,,,,,,,,,,,,,,,,
In_the_duck_yard,,I_andegården_,Im_Entenhof_,,En_el_corral_,,,,,,,,,,,,,,,,,,,,
The_new_century's_Goddess,,,Die_Muse_des_neuen_Jahrhunderts_,,,,,,,,,,,,,,,,,,,,,,
The_ice_maiden,,,Die_Eisjungfrau_,,,,,,,,,,,,,,,,,,,,,,
The_psyche,,,Die_Psyche_,,,,,,,,,,,,,,,,,,,,,,
The_snail_and_the_rosebush,,Sneglen_og_rosenhækken_,Die_Schnecke_und_der_Rosenstock_,,El_caracol_y_el_rosal_,,L'escargot_et_le_rosier_,,,,,,,,,,,,,,,,,,
The_old_church_bell,,Den_gamle_kirkeklokke_,Die_alte_Kirchenglocke_,,La_vieja_campana_de_la_iglesia_,,,,,,,,,,,,,,,,,,,,
The_silver_shilling,,Sølvskillingen_,Der_silberne_Schilling_,,El_chelín_de_plata_,,Le_schilling_d'argent_,,,,,,,,,,,,,,,,,,
The_metal_pig,,Metalsvinet_,Das_Bronzeschwein_,,El_jabalí_de_bronce_,,,,Il_porcellino_di_bronzo_,,,,,,,,,,,,,,,,
The_bond_of_friendship,,Venskabspagten_,Der_Freundschaftsbund_,,El_pacto_de_amistad_,,,,,,,,,,,,,,,,,,,,
A_rose_from_Homer's_grave,,En_rose_fra_Homers_grav_,Eine_Rose_von_Homers_Grab_,,Una_rosa_de_la_tumba_de_Homero_,,,,,,,,,,,,,,,,,,,,
A_story,,En_historie_,Eine_Geschichte_,,,,,,,,,,,,,,,,,,,,,,
The_silent_book,,Den_stumme_bog_,Das_stumme_Buch_,,,,,,,,,,,,,,,,,,,,,,
The_snowdrop,,Sommergækken_,Das_Schneeglöckchen_,,Rompenieves_,,,,,,,,,,,,,,,,,,,,
The_teapot,,Tepotten_,Die_Teekanne_,,La_tetera_,,,,La_teiera_,,,,,,,,,,,,,,,,
The_bird_of_folklore,,Folkesangens_fugl_,Der_Vogel_des_Volkslieds_,,,,,,,,,,,,,,,,,,,,,,
The_Will-o'-the-Wisps_are_in_town*comma*_says_the_Moor-woman,,,Die_Irrlichter_sind_in_der_Stadt*comma*_sagte_die_Moorfrau_,,,,,,,,,,,,,,,,,,,,,,
The_windmill,,Vejrmøllen_,Die_Windmühle_,,,,,,,,,,,,,,,,,,,,,,
In_the_children's_room,,,In_der_Kinderstube_,,En_el_cuarto_de_los_niños_,,,,,,,,,,,,,,,,,,,,
Golden_treasure,,,Der_Goldschatz_,,,,,,,,,,,,,,,,,,,,,,
The_storm_shifts_the_signboards,,,Der_Sturm_zieht_mit_den_Schildern_um_,,,,,,,,,,,,,,,,,,,,,,
Kept_secret_but_not_forgotten,,Gemt_er_ikke_glemt_,Aufgeschoben_ist_nicht_aufgehoben_,,,,,,,,,,,,,,,,,,,,,,
The_porter's_son,,,Des_Hauswarts_Sohn_,,,,,,,,,,,,,,,,,,,,,,
Aunty,,Moster_,Tantchen_,,,,,,,,,,,,,,,,,,,,,,
The_toad,,Skrubtudsen_,Die_Kröte_,,El_sapo_,,Le_crapaud_,,,,,,,,,,,,,,,,,,
VÃ¤nÃ¶_and_GlÃ¤nÃ¶,,Vænø_og_Glænø_,Vänö_und_Glänö_,,,,,,,,,,,,,,,,,,,,,,
The_little_green_ones,,De_små_grønne_,Die_kleinen_Grünen_,,Los_verdezuelos_,,,,,,,,,,,,,,,,,,,,
The_goblin_and_the_woman,,Nissen_og_madammen_,Der_Kobold_und_die_Madame_,,El_duendecillo_y_la_mujer_,,,,,,,,,,,,,,,,,,,,
Peiter*comma*_Peter*comma*_and_Peer,,Peiter*comma*_Peter_og_Peer_,Pieter*comma*_Peter_und_Per_,,,,,,,,,,,,,,,,,,,,,,
Godfather's_picture_book,,,Das_Bilderbuch_des_Paten_,,,,,,,,,,,,,,,,,,,,,,
Which_was_the_happiest?,,Hvem_var_den_lykkeligste?_,Wer_war_die_Glücklichste?_,,,,,,,,,,,,,,,,,,,,,,
The_puppet-show_man,,Marionetspilleren_,Der_Marionettenspieler_,,El_titiritero_,,Le_montreur_de_marionnettes_,,,,,,,,,,,,,,,,,,
The_days_of_the_week,,Ugedagene_,Die_Wochentage_,,,,,,,,,,,,,,,,,,,,,,
The_dryad,,,Die_Dryade_,,,,,,,,,,,,,,,,,,,,,,
The_rags,,Laserne_,Die_Lumpen_,,Los_trapos_viejos_,,,,,,,,,,,,,,,,,,,,
The_comet,,Kometen_,Der_Komet_,,,,,,,,,,,,,,,,,,,,,,
Sunshine_stories,,Solskinshistorier_,Sonnenschein-Geschichten_,,Historias_del_sol_,,,,,,,,,,,,,,,,,,,,
Chicken_Grethe's_family,,Hønse-Grethes_familie_,Hühner-Gretes_Familie_,,,,,,,,,,,,,,,,,,,,,,
What_happened_to_the_thistle,,Hvad_tidslen_oplevede_,Was_die_Distel_erlebte_,,Las_aventuras_del_cardo_,,Les_aventures_du_chardon_,,,,,,,,,,,,,,,,,,
What_one_can_invent,,Hvad_man_kan_hitte_på_,Was_man_erfinden_kann_,,Lo_que_se_puede_inventar_,,,,,,,,,,,,,,,,,,,,
Luck_may_lie_in_a_pin,,Lykken_kan_ligge_i_en_pind_,Das_Glück_kann_in_einem_Holzstöckchen_liegen_,,La_suerte_puede_estar_en_un_palito_,,,,,,,,,,,,,,,,,,,,
What_the_whole_family_said,,Hvad_hele_familien_sagde_,Was_die_ganze_Familie_sagte_,,,,,,,,,,,,,,,,,,,,,,
Great-Grandfather,,Oldefar_,Urgroßvater_,,El_bisabuelo_,,,,,,,,,,,,,,,,,,,,
The_most_incredible_thing,,Det_utroligste_,Das_Unglaublichste_,,,,,,,,,,,,,,,,,,,,,,
The_candles,,Lysene_,Die_Lichter_,,,,,,,,,,,,,,,,,,,,,,
Ask_old_Mother_Tot!,,"""Spørg_Amagermor!""_",Frag_die_Grünwarenfrau!_,,,,,,,,,,,,,,,,,,,,,,
"""Dance*comma*_dance*comma*_doll_of_mine!""",,"""Danse*comma*_danse_dukke_min!""_","""Tanze*comma*_tanze*comma*_Püppchen_mein!""_",,"""¡Baila*comma*_baila*comma*_muñequita!""_",,"""Danse*comma*_danse*comma*_ma_poupée!""_",,"""Balla*comma*_balla*comma*_bambola_mia!""_",,,,,,,,,,,,,,,,
The_great_sea_serpent,,Den_store_søslange_,Die_große_Seeschlange_,,La_gran_serpiente_de_mar_,,,,,,,,,,,,,,,,,,,,
The_gardener_and_the_noble_family,,Gartneren_og_herskabet_,Der_Gärtner_und_die_Herrschaft_,,El_jardinero_y_el_señor_,,Le_jardinier_et_ses_maîtres_,,,,,,,,,,,,,,,,,,
What_old_Johanne_told,,Hvad_gamle_Johanne_fortalte_,Was_die_alte_Johanne_erzählte_,,,,,,,,,,,,,,,,,,,,,,
The_gate_key,,Portnøglen_,Der_Haustürschlüssel_,,,,,,,,,,,,,,,,,,,,,,
The_cripple,,Krøblingen_,Der_Krüppel_,,El_tullido_,,,,,,,,,,,,,,,,,,,,
Aunty_Toothache,,Tante_Tandpine_,Tante_Zahnweh_,,Tía_Dolor_de_Muelas_,,,,,,,,,,,,,,,,,,,,
The_flea_and_the_professor,,Loppen_og_professoren_,Der_Floh_und_der_Professor_,,La_pulga_y_el_profesor_,,,,La_pulce_e_il_professore_,,,,,,,,,,,,,,,,
The_Tallow_Candle,,Tællelyset_,,,La_vela_de_sebo_,,Bougie_de_suif_,,,,,,,,,,,,,,,,,,
Harry_Potter_and_the_Philosopher’s_Stone,,,,,,,,,,,,,,,,Гарри_Поттер_и_философский_камень,,,,,,,,,
Harry_Potter_and_the_Chamber_of_Secrets,,,,,,,,,,,,,,,,Гарри_Поттер_и_тайная_комната,,,,,,,,,
Harry_Potter_and_the_Prisoner_of_Azkaban,,,,,,,,,,,,,,,,Гарри_Поттер_и_узник_азкабана,,,,,,,,,
Harry_Potter_and_the_Goblet_of_Fire,,,,,,,,,,,,,,,,Гарри_Поттер_и_кубок_огня,,,,,,,,,
Harry_Potter_and_the_Order_of_the_Phoenix,,,,,,,,,,,,,,,,Гарри_Поттер_и_Орден_Феникса,,,,,,,,,
Harry_Potter_and_the_Half-Blood_Prince,,,,,,,,,,,,,,,,Гарри_Поттер_и_принц-полукровка,,,,,,,,,
Harry_Potter_and_the_Deathly_Hallows,,,,,,,,,,,,,,,,Гарри_Поттер_и_дары_смерти,,,,,,,,,
The_Wonderful_Wizard_of_Oz,,,,,El_maravilloso_mago_de_Oz,,Le_Magicien_d’Oz,,,,,,,,,Удивительный_в_Волшебник_из_Страны_Оз,,,,,,,,,